,post_id,post_title,comment_id,author,body,score,created_utc
0,1jioony,BUY EVERYTHING,mjgvild,firewoodrack,I got Uber Eats last night and a fairly new Lexus GX460 pulled up ![img](emote|t5_2th52|4271)![img](emote|t5_2th52|4271),4889,1742819881.0
1,1jioony,BUY EVERYTHING,mjgp5rr,JoseArcadi0, Pics of the driver or didnâ€™t happen.,3611,1742817119.0
2,1jioony,BUY EVERYTHING,mjgosvc,HighOrHavingAStroke,"The attractive blonde girls start driving ubers on the way down, long before the bottom.",2306,1742816954.0
3,1jioony,BUY EVERYTHING,mjgq9xn,Pitiful-Recover-3747,"If people still got uber money, it ainâ€™t the bottom.",8054,1742817624.0
4,1jioony,BUY EVERYTHING,mjgpzrp,Gh0StDawGG,Heard my building maintenance guy explaining options to a random in my lobby the other day. Are we really at the bottom?,2254,1742817499.0
5,1jioony,BUY EVERYTHING,mjh3ha4,AC_deucey,"https://preview.redd.it/hua50bh33nqe1.jpeg?width=1393&format=pjpg&auto=webp&s=b46c6d92550831d9aa208b1154637a7c55b823c5

Iâ€™m from the future. ![img](emote|t5_2th52|4267)",466,1742822903.0
6,1jioony,BUY EVERYTHING,mjgqe1y,TheProfessional9,Didn't the RL version of this guy just say this is the beginning of the downturn?,407,1742817675.0
7,1jioony,BUY EVERYTHING,mjgrj0q,Pin_ups,You forgot to say she owns 3 homes with zero down payment at the current premiums of 5k each per month and she makes one third of that expense.,367,1742818185.0
8,1jioony,BUY EVERYTHING,mjh4h5j,,[removed],752,1742823259.0
9,1jioony,BUY EVERYTHING,mjh0679,,[removed],719,1742821694.0
10,1jioony,BUY EVERYTHING,mjgtey1,D1ckChowder,Canâ€™t wait to pay for my uber with Klarna or Affirm,150,1742819005.0
11,1jioony,BUY EVERYTHING,mjhgopn,strangebru,"A comedian in the 1980s had a joke similar to this:


> The best part of the recession is that the prostitutes are getting better looking.",136,1742827230.0
12,1jioony,BUY EVERYTHING,mjh672s,bucketdaruckus,"No joke I tried to sign up for doordash, ubereats, instacart and amazonflex like 2 days ago and they're all full not accepting new drivers in my area",187,1742823856.0
13,1jioony,BUY EVERYTHING,mjgseth,EasilyDistracted-,"Was the Uber driver delivering a burrito someone bought on a payment plan?

We haven't begun to scrape bottom yet.",119,1742818572.0
14,1jioony,BUY EVERYTHING,mjgqh8g,solidtangent,AI killing OF.,101,1742817714.0
15,1jioony,BUY EVERYTHING,mjhcahq,learnedsanity,"some people are literally doing this line of work to have that nice car, which seems like a weird choice but that's just my look on life.",1415,1742825825.0
16,1jioony,BUY EVERYTHING,mjh6jil,OneArmedBrain,"It's something I've noticed as well.  I don't use that service, or DD, but living in an apartment complex, I see a lot of them and yes I've notice nicer cars and more ""professional"" people doing deliveries recently.",730,1742823975.0
17,1jioony,BUY EVERYTHING,mjgrar1,SevereArrivals13,"Feet pics if possible for additional verification

Disclaimer: Its just for security reasons and nothing else",1360,1742818082.0
18,1jioony,BUY EVERYTHING,mjh523j,BetElectronic6207,"If you go to Germany or even Canada you can see hot girls working jobs that you almost never see them working in the US. I imagine the phenomenon is even more pronounced in Eastern Europe, but I havenâ€™t been. I think maybe the US is unique in hot girls refusing to debase themselves with menial labor.",124,1742823464.0
19,1jioony,BUY EVERYTHING,mjgq5yk,Neowwwwww,Just means only fans is taking a hit from ai porn.,1032,1742817575.0
20,1jioony,BUY EVERYTHING,mjgscvu,mrdeadsniper,"Yeah this guy is huffing intense copium. 

If this is the start of a recession, its the first month. If recessions only lasted a month people wouldn't be so concerned with them. 

Markets like stability, and we are no where near that right now. 

There is very real concerns we will go into stagflation period due to self imposed tariffs and their counters. In the last two 70s and early 80s. Unemployment hit around 10% each time. 

Basically.. if you think <5% unemployment is the worst it can get.. you are going to have a bad time.",239,1742818549.0
21,1jioony,BUY EVERYTHING,mjgt6va,Skybreakeresq,My dude they are financing pizzas now,2487,1742818909.0
22,1jioony,BUY EVERYTHING,mjgreh4,SevereArrivals13,There is still a couple nickels left to steal from retail for sure lol,1064,1742818129.0
23,1jioony,BUY EVERYTHING,mjgsudn,Narradisall,"In 2008 people were writing suicides notes and some were following through on it. It can get so much worse and given this sub is still somewhat buoyant I donâ€™t think weâ€™re at capitulation yet, if we ever get there this time.",328,1742818761.0
24,1jioony,BUY EVERYTHING,mjgsr0d,normalbrain609,If there's a real deal bad recession watching Zoomers understand what a bad economy actually looks like is gonna be wild.,151,1742818720.0
25,1jioony,BUY EVERYTHING,mjgqfq4,MilkyWayObserver,Depends did he say to get calls or puts?,710,1742817695.0
26,1jioony,BUY EVERYTHING,mjgs0l9,Warren_Puff-it,"I believe he said ""I will have the gabagool.""",406,1742818400.0
27,1jioony,BUY EVERYTHING,mjgwzci,shiningbeans,"Damn you didnâ€™t have to Doxx her, now we know sheâ€™s in Miami",154,1742820471.0
28,1jioony,BUY EVERYTHING,mjh50ky,Donthavethekey,"Five is way too young to invest in the market, donâ€™t worry about itÂ ",112,1742823449.0
29,1jioony,BUY EVERYTHING,mjhcjsg,notoriouslush,Oh that ain't good,116,1742825909.0
30,1jioony,BUY EVERYTHING,mjh4ydl,Cygs,"OF is so oversaturated the median revenue is like 5/mo for models.Â  Amouranth is buying and selling mansions, sure.Â  Your average OF thot is working hours a week to buy half a big mac.


Its like saying ""The soundest financial move is to play basketball, Kevin Durant makes 50 million a year"".Â Â ",161,1742823428.0
31,1jioony,BUY EVERYTHING,mjgpubu,Live_Key2247,"Iâ€™m guessing when an attractive woman starts driving for uber itâ€™s an indication that she isnâ€™t financially stable and needs quick cash, which in itself indicates we might be in an economic recession. Kinda grasping at straws here",180,1742817430.0
32,1jioony,BUY EVERYTHING,mjgt1ey,Mysterious_Print9937,Daddy chill,114,1742818845.0
33,1jioony,BUY EVERYTHING,mjhi0b9,Academic-Ad8382,"What happens is they over extend themselves and then rationalize doing that line of work for that nice car.

If a person has forsight to know that they would need to work a second job for a nice car, they *probably* have enough executive functioning to maybe not get that nice car.",668,1742827647.0
34,1jioony,BUY EVERYTHING,mjhki7c,klausbaudelaire1,Iâ€™ve seen it too. Saw a young girl delivering Uber Eats to my apartment complex in a very â€œmidâ€ part of my mid city. She was driving a NICE BMW.Â ,128,1742828423.0
35,1jioony,BUY EVERYTHING,mjhqt7u,ProdMikalJones,money is money,279,1742830322.0
36,1jioony,BUY EVERYTHING,mjgs6l7,Shakaww,2Feet verification,912,1742818472.0
37,1jioony,BUY EVERYTHING,mjhdilo,Don_Cornichon_II,"I think it's just that the US has fewer hot girls, since 90% are obese.",302,1742826218.0
38,1jioony,BUY EVERYTHING,mjgzu0t,Ashamed-Fig-4680,It would be hilarious if AI droid brothels started popping up and it killed the porn industry in the future ðŸ˜‚,365,1742821568.0
39,1jioony,BUY EVERYTHING,mjgvg5q,Brodie_C,"We have an entire generation of people trading the market now, who were literal babies the last time we had a serious recession.",133,1742819853.0
40,1jioony,BUY EVERYTHING,mjgux8c,MaxPower303,I need a co-signer for my large two topping pizza from Dominoâ€™s at 29.99% APR.,1117,1742819638.0
41,1jioony,BUY EVERYTHING,mjgyf1q,Pitiful-Recover-3747,"Exactly. If thereâ€™s banks willing to extend credit on pizza, we ainâ€™t at the bottom.",144,1742821028.0
42,1jioony,BUY EVERYTHING,mjgxjp0,iamprobablytalkingbs,"It will trickle eventually, I swear",316,1742820694.0
43,1jioony,BUY EVERYTHING,mjgt68k,zg44,"That's 17 years ago.

We got a whole generation of ""traders"" and people <30 years old that have no real clue of what a serious recession is.",370,1742818902.0
44,1jioony,BUY EVERYTHING,mjgz5uu,Much-Bedroom86,"The problem with that is things suck now for a lot of them already. At least previous recessions were preceded by boom times. 2008 was preceded by cheap houses plus a tech boom. Late 2010's saw more tech jobs and cheap housing. Especially if you bought in 2020. Today, entry level jobs are harder to come by and houses are more expensive than ever if you're young and single.",110,1742821312.0
45,1jioony,BUY EVERYTHING,mjgti7o,According_Win_5983,Pay for your uber ride over 12 months with klarna!,104,1742819044.0
46,1jioony,BUY EVERYTHING,mjgsr4y,Gh0StDawGG,Hard to remember because I work at Wendys and do the same to anyone who comes to my drive through. Conversations get mixed up after a while.,367,1742818722.0
47,1jioony,BUY EVERYTHING,mjgrcdj,SevereArrivals13,Yes,138,1742818103.0
48,1jioony,BUY EVERYTHING,mjgq3tl,MtnMaiden,"Yup, the hot girl index.  Yes it's a thing",144,1742817549.0
49,1jioony,BUY EVERYTHING,mjjwugr,twitch1982,"And from most economic studies I've seen, with driving Uber at least, dunno about eats, you're basically just making enough to cover the wear and tear and added depreciation your putting on your car. Its just a loan against the life and resale value of the vehicle, that you have to give up hours of your day for.",232,1742853010.0
50,1jioony,BUY EVERYTHING,mji0jdl,List-Beneficial,I won't lie. If I see an Uber driver with 50k car or 100k car I automatically think they are regarded,470,1742833215.0
51,1jioony,BUY EVERYTHING,mjh0952,DiasCrimson,"What if they have two left feet?

https://preview.redd.it/z869oz9rzmqe1.jpeg?width=1279&format=pjpg&auto=webp&s=e9452e305df7ad9b267040a7270e604c4dfc2656",873,1742821725.0
52,1jioony,BUY EVERYTHING,mji8txc,nephaelimdaura,"You don't even need to be hyperbolic like this. 73% of Americans are overweight or obese, 42% are obese. If you are a straight, normal weight American and looking for a normal weight partner, you are already only looking at 1/8 of the population before even accounting for anything else like age",177,1742835632.0
53,1jioony,BUY EVERYTHING,mjh046c,Neowwwwww,"It will, 100% guarantee.",191,1742821674.0
54,1jioony,BUY EVERYTHING,mjgwyvg,Complex_Confidence35,Yeah but we got like 0.0001% of the wealth. It doesnâ€˜t matter if everyone under 30 goes broke. The market doesnâ€˜t care about poor people.,114,1742820465.0
55,1jioony,BUY EVERYTHING,mjgvf0u,fritz_76,im gonna need you to hold the pepperoni in escrow,467,1742819840.0
56,1jioony,BUY EVERYTHING,mjh0ixo,Banes_Addiction,"Yeah, that's the ""stripper with 5 mortgages"" stage.",126,1742821825.0
57,1jioony,BUY EVERYTHING,mjgymyx,Mooseandchicken,Does our economy have an enlarged prostate? Cuz that's usually the culprit if you're barely gettin a trickle,128,1742821112.0
58,1jioony,BUY EVERYTHING,mjgy57c,AggravatingWealth69,Me playing halo 3 while my dad navigates thru a financial crisis ![img](emote|t5_2th52|8883),260,1742820924.0
59,1jioony,BUY EVERYTHING,mjgu8v9,Narradisall,"What are you talking about it was only a few yeaâ€¦ oh god, oh no!",156,1742819357.0
60,1jioony,BUY EVERYTHING,mjgvhyq,Vospader998,"But not so long ago that all the people who caused it are still around, and didn't learn a goddamn thing other than ""I can fuck up as much as I want, and the taxpayers will bail me out"". 

Pump the economy for all it's worth, make a fortune, then dump everything once it all falls apart. Pump-and-dump to get yours while the pensions, 401ks, life savings, and taxpayers are left holding the bag.",103,1742819874.0
61,1jioony,BUY EVERYTHING,mjgwt7k,dysfunctionalbrat,"""Sir, isn't this a Wendy's?""",109,1742820403.0
62,1jioony,BUY EVERYTHING,mjkm3xz,primusperegrinus,So youâ€™re saying itâ€™s best to do uber eats in a stolen car?,212,1742860882.0
63,1jioony,BUY EVERYTHING,mji2wf4,KexRwondo,Or they have no life,122,1742833917.0
64,1jioony,BUY EVERYTHING,mji6hsr,ProdMikalJones,"Iâ€™m just looking at it from a stand point of: 

You & I have no idea the circumstances or reasoning as to why others make the money they make the way they do. 

It could be someone who dashes once or twice on the way home from work to cover a lunch bill or get some extra money for dinner, or even extra gas money.

Someone could be an independent contractor (outside of courier services) and be in between jobs for a little bit.

Others could be using multiple services when not on the other. Get off Doordash, go to Uber, then Ubereats, to Grub Hub, etc. The â€œ50k car or 100k carâ€ could be primarily used for Ride Sharing services that are upper end like Uber XL or so be it.

I just donâ€™t get the judgement of people who are actively working. Who cares? Thereâ€™s a demand for couriers, they are supplying it. 

Hell, that super expensive car could be a loaner or a relatives that they are borrowing.

Whoâ€™s more questionable, the person delivering food in a nice car, or the customer ordering a personal taxi for their food (plus fees, times etc.) for convenience sake and then getting weird about their driver / tipping. Pretty sure you can do payment plans on those apps now too, which is even more of a questionable act.

(Immediate downvotes is weird, Doordash was initially marketed towards people who just want to make a few extra dollars, with commuting in mind)

Thanks for the reward, thatâ€™s a first for a comment. Be good to fellow man.",176,1742834968.0
65,1jioony,BUY EVERYTHING,mjh2omk,Garchompisbestboi,"come on man, I was just about to eat dinner when I saw that ðŸ˜‚",221,1742822617.0
66,1jioony,BUY EVERYTHING,mjh0rbf,zmbjebus,Is escrow code word for up my ass? because if so then yes.,157,1742821912.0
67,1jioony,BUY EVERYTHING,mjgvbof,Throwaway921845,"We are closer to the 22nd century than to the end of World War Two.

By the time you and I have grey hair, World War Two will be as ancient as the Franco-Prussian War was when we were children.",116,1742819802.0
68,1jioony,BUY EVERYTHING,mjinhv6,Safe_Personality_772,"You are overcomplicating this. This is not to look down on people, but the fact that someone is driving Uber or Door Dash for $20/hr tells me all I need to know: they are underemployed. You would make more by putting in more time at a white collar or even many blue collar trade jobs.

Its like post Great Financial Crisis when you'd see clean shaven 40 year old corporate dudes running the kitchen at Chick-fil-a. If I see someone driving uber who is not a typical ride service driver (stereotyping here but we all know what this means) is signals a soft labor market.",109,1742839781.0
69,1jioony,BUY EVERYTHING,mjhhc38,generalwaste1,It's OK. You can rub one out real quick,172,1742827434.0
70,1jgzmbg,Tax accountants going through 800 pages of trading activity just to see $2.32 of capital gains for their client,mj3fshe,Greenpeppers23,I purposely lose at least 3k yearly in trading to have a write off. I know genius,4896,1742615954.0
71,1jgzmbg,Tax accountants going through 800 pages of trading activity just to see $2.32 of capital gains for their client,mj3fog9,brunk_,"Todd I just paid you man, please get off Reddit and stop making posts about me.",1306,1742615904.0
72,1jgzmbg,Tax accountants going through 800 pages of trading activity just to see $2.32 of capital gains for their client,mj3itej,RememberTooSmile,"you guys are making gains?

https://preview.redd.it/8opnaj9246qe1.jpeg?width=730&format=pjpg&auto=webp&s=c6b318decfb105ff62004ce7edc8853c22c47dfe",632,1742617349.0
73,1jgzmbg,Tax accountants going through 800 pages of trading activity just to see $2.32 of capital gains for their client,mj3dh69,ThroatPlastic6886,wtf is a capital gain?Â ,1817,1742614940.0
74,1jgzmbg,Tax accountants going through 800 pages of trading activity just to see $2.32 of capital gains for their client,mj3dhr2,f0xinaround,Would love to hear from all the tax accountants out there who actually have to do this lol,386,1742614947.0
75,1jgzmbg,Tax accountants going through 800 pages of trading activity just to see $2.32 of capital gains for their client,mj3j16i,-Reggie-Dunlop-,Is the capital gain in the room with you right now?,147,1742617454.0
76,1jgzmbg,Tax accountants going through 800 pages of trading activity just to see $2.32 of capital gains for their client,mj3jrhf,Tangentkoala,"Lmao, trust us, we don't do that. 


We literally just plug in the 1099 tax form code that's printed out by robinhood/e trade. 

We do laugh at the loss porn that you guys have in 1 year.",126,1742617807.0
77,1jgzmbg,Tax accountants going through 800 pages of trading activity just to see $2.32 of capital gains for their client,mj3gk78,chicken_tenders99998,Shit comes naturally,1054,1742616304.0
78,1jgzmbg,Tax accountants going through 800 pages of trading activity just to see $2.32 of capital gains for their client,mj3tp75,exposed_anus,Infinite money glitch,104,1742623253.0
79,1jgzmbg,Tax accountants going through 800 pages of trading activity just to see $2.32 of capital gains for their client,mj3r8n5,Aniruddha_Panda,"You said you will pay me 10% of your capital gain and I believed you.

Never again.",578,1742621802.0
80,1jgzmbg,Tax accountants going through 800 pages of trading activity just to see $2.32 of capital gains for their client,mj3e94i,baby-shart,Itâ€™s one of the knobs on your graphic equaliser next to bass and treble.,736,1742615271.0
81,1jgzmbg,Tax accountants going through 800 pages of trading activity just to see $2.32 of capital gains for their client,mj3gjtr,fitnessfinance88,"Anything more than 5-10 transactions in a Schedule D we'll usually just extract the pages as a PDF, attach it to the return using the software and just enter the summarized gains of short-term, long-term categories. 90% of the time people lose money and especially if it's short-term.",272,1742616300.0
82,1jgzmbg,Tax accountants going through 800 pages of trading activity just to see $2.32 of capital gains for their client,mj3e6le,one_dayatatime,Itâ€™s summarized usually on the 3rd or 4th page.,230,1742615240.0
83,1jgzmbg,Tax accountants going through 800 pages of trading activity just to see $2.32 of capital gains for their client,mj3egx1,,[deleted],102,1742615366.0
84,1jgzmbg,Tax accountants going through 800 pages of trading activity just to see $2.32 of capital gains for their client,mj3yo7m,DevBro22,At least for me it does lmao,173,1742626383.0
85,1jgzmbg,Tax accountants going through 800 pages of trading activity just to see $2.32 of capital gains for their client,mj3zpb0,,[deleted],134,1742627058.0
86,1jgzmbg,Tax accountants going through 800 pages of trading activity just to see $2.32 of capital gains for their client,mj3uctk,Moister_Rodgers,"Singular ""gain"" should've tipped you off",171,1742623655.0
87,1jgzmbg,Tax accountants going through 800 pages of trading activity just to see $2.32 of capital gains for their client,mj3gppj,nothingclever9873,"And it goes from +11 to -11,000",193,1742616374.0
88,1jgzmbg,Tax accountants going through 800 pages of trading activity just to see $2.32 of capital gains for their client,mj4uqrc,NoTransportation888,"Same here, anything more than 5-10 and I attach it lol. As a fellow degen I do love when a 200 page 1099 hits my desk though.

Usually, if it's someone with 100+ pages you get like 5-6 of them from different brokerages as well lmao",110,1742646057.0
89,1jgzmbg,Tax accountants going through 800 pages of trading activity just to see $2.32 of capital gains for their client,mj3esc0,culdeus,Turbo tax 1998 maybe,140,1742615506.0
90,1jpyz81,You know your calls are cooked when the board comes out,ml34avn,LucidMarshmellow,He also said a minimum of 10% on all that are not on the list.,8819,1743626033.0
91,1jpyz81,You know your calls are cooked when the board comes out,ml33z46,tbiol,Iâ€™m just wondering who picked that board up from OfficeMax,3858,1743625940.0
92,1jpyz81,You know your calls are cooked when the board comes out,ml35d8x,fledermaus23,It's a beautiful board. People are saying that it is the best board ever.,11386,1743626331.0
93,1jpyz81,You know your calls are cooked when the board comes out,ml34jsf,Unusual_Midnight_243,bro crashed the market by holding up a printed Excel table,13343,1743626103.0
94,1jpyz81,You know your calls are cooked when the board comes out,ml388mk,xxqr,I always thought Cambodians got off to easy. Glad to see someone finally stand up to those damn bullies.,4490,1743627126.0
95,1jpyz81,You know your calls are cooked when the board comes out,ml35jfh,legumeappreciator,fighting a trade war against Cambodia ðŸ¤¡ðŸ¤¡ðŸ¤¡,4805,1743626379.0
96,1jpyz81,You know your calls are cooked when the board comes out,ml37cxt,Bowser64_,Nintendo just announced 90$ Mario and Luigi games. So trump counters with 131.40$ Mario and dead Luigi games.,3007,1743626885.0
97,1jpyz81,You know your calls are cooked when the board comes out,ml352ua,tees_printandapparel,"https://preview.redd.it/ebzuf4h1ghse1.jpeg?width=1170&format=pjpg&auto=webp&s=5c916f1b983455241724404bbdb81b475437b6c9

ðŸ˜­",3811,1743626251.0
98,1jpyz81,You know your calls are cooked when the board comes out,ml340xp,VanDenH,"Taiwan 32% lmao, American tech prices about to be through the roof",8943,1743625955.0
99,1jpyz81,You know your calls are cooked when the board comes out,ml33vm8,takeitsleazy316,"Perfect meme template. Degens, start photoshoppin",1716,1743625913.0
100,1jpyz81,You know your calls are cooked when the board comes out,ml35krp,FrankCarmody,https://preview.redd.it/bf65l7jgghse1.jpeg?width=1125&format=pjpg&auto=webp&s=dae4142dd86ae94978a1844bd43e4270463b5ec7,1902,1743626390.0
101,1jpyz81,You know your calls are cooked when the board comes out,ml3434g,JeanJauresJr,I canâ€™t wait to work at the assembly line for minimum wage!,3113,1743625972.0
102,1jpyz81,You know your calls are cooked when the board comes out,ml3650w,Staretrek,"Better not buy anything from now on. Grow your own vegetables, raise a few hens and live a self sustained life. ðŸ˜…",589,1743626547.0
103,1jpyz81,You know your calls are cooked when the board comes out,ml34qcg,purplenapalm,"Is 34% on China in addition to the 40%. Fuck.

Edit, I meant to add a question mark after 40%. This wasn't meant to be a statement. I have no idea what the actual tariff is now. I don't think anyone does!",2222,1743626154.0
104,1jpyz81,You know your calls are cooked when the board comes out,ml349um,LighteningOneIN,https://preview.redd.it/y10s95qcfhse1.jpeg?width=1200&format=pjpg&auto=webp&s=2a3a0cfec00551518aedf8372ad74cfeb2b17753,1291,1743626025.0
105,1jpyz81,You know your calls are cooked when the board comes out,ml378g6,TurielD,"Holy shit I laughed *so hard*

I was primed from him saying India had 70% or whatever, it was clear he was gonna go bananas.

This is truely going to wreck *everything*. My puts couldn't be happier.",404,1743626850.0
106,1jpyz81,You know your calls are cooked when the board comes out,ml374ys,jpm_1988,Ahahah SPY tanked as soon as the board was shown lol amazing,195,1743626823.0
107,1jpyz81,You know your calls are cooked when the board comes out,ml33vyl,robtai,I cant read but i know we are winning Biglyy,336,1743625916.0
108,1jpyz81,You know your calls are cooked when the board comes out,ml33v40,,[removed],929,1743625909.0
109,1jpyz81,You know your calls are cooked when the board comes out,ml356ss,,[removed],774,1743626282.0
110,1jpyz81,You know your calls are cooked when the board comes out,ml3o7c6,mr_crisby,https://preview.redd.it/eleglyk1xhse1.png?width=1600&format=png&auto=webp&s=8480aab4ae3162ec13d3b5bf3779b0669b0c2ab8,162,1743631971.0
111,1jpyz81,You know your calls are cooked when the board comes out,ml3dvt5,,[removed],332,1743628781.0
112,1jpyz81,You know your calls are cooked when the board comes out,ml360l5,Cool_Fly_2870,What did Wharton business school teach this clown?,583,1743626512.0
113,1jpyz81,You know your calls are cooked when the board comes out,ml35d7x,RealAmbassador4081,Minimum 10% on everything. This will be a shitshow.Â ,153,1743626331.0
114,1jpyz81,You know your calls are cooked when the board comes out,ml35if6,ChaseballBat,"-2.25% after hours....

Holy shit... I'm guessing the market assuming a 25% max tarrif amount. Maybe they are also afraid he'll jack them up to 100% reciprocal match. Plenty of room for more tarrifs...",504,1743626371.0
115,1jpyz81,You know your calls are cooked when the board comes out,ml37f70,vilified-moderate,seriously what order is that in? its a physical example of this administrations complete chaos.,139,1743626902.0
116,1jpyz81,You know your calls are cooked when the board comes out,ml34qju,,[removed],830,1743626155.0
117,1jpyz81,You know your calls are cooked when the board comes out,ml350pr,alderson710,He mentioned Nvidia lol![img](emote|t5_2th52|4271),263,1743626234.0
118,1jpyz81,You know your calls are cooked when the board comes out,ml36jvw,Tcarruth6,I'm fairly sure Trump still doesn't know what 'Tariff' means,247,1743626662.0
119,1jpyz81,You know your calls are cooked when the board comes out,ml34tq3,HartverlorenindeUB,Every American just lost like 5% to 10% of purchasing power right?,1181,1743626180.0
120,1jpyz81,You know your calls are cooked when the board comes out,ml36efx,0Runrunrun0,These are taxes. He is raising taxes. You are paying more for everything.,589,1743626619.0
121,1jpyz81,You know your calls are cooked when the board comes out,ml33upm,hoozy123,what the fuk does any of this mean,793,1743625907.0
122,1jpyz81,You know your calls are cooked when the board comes out,ml34s3y,OratioFidelis,Is this the largest tax increase in human history?,711,1743626167.0
123,1jpyz81,You know your calls are cooked when the board comes out,ml3434q,penishomunculus,"Trump just threw a hat into a crowd


Government surplus confirmed",343,1743625972.0
124,1jpyz81,You know your calls are cooked when the board comes out,ml33qvl,lolimdivine,"tariffs worked in the 1880s because we were not a consumer economy. mega regarded

*many have correctly pointed out that tariffs did not work then. we had multiple recessions. i guess by work i mean not crash the economy and lose allies for little to no gain. back then it at least made sense when we werenâ€™t a world power",967,1743625878.0
125,1jpyz81,You know your calls are cooked when the board comes out,ml33ug7,RetrieverDoggo,Vietnam LOL. China got double bonked. A lot of Chinese factories moved to Vietnam because of the tariffs (from Trump 1.0). now they screwed again LOL.,812,1743625905.0
126,1jpyz81,You know your calls are cooked when the board comes out,ml350et,momarortotinon,Wait what if he is actually demented,292,1743626232.0
127,1jpyz81,You know your calls are cooked when the board comes out,ml35ryv,Staretrek,"Cambodia is 97%! That's crazyðŸ˜‚

The thing is that even if the markets rise and all of us make a sh*tload of gains, we will be using those gains to pay for all the super inflated prices on everyday goods.",151,1743626447.0
128,1jpyz81,You know your calls are cooked when the board comes out,ml35q9c,kpop_stan_,Bring Joe back LMAO.,914,1743626432.0
129,1jpyz81,You know your calls are cooked when the board comes out,ml34zjz,DistrictLittle6828,WTF is wrong with this guy?,208,1743626225.0
130,1jpyz81,You know your calls are cooked when the board comes out,ml3fyu5,hyper_plane,Do people realise the numbers of other countriesâ€™ tariffs are made up? Switzerland doesnâ€™t charge 61% tariffs. This is insane.,146,1743629406.0
131,1jpyz81,You know your calls are cooked when the board comes out,ml36bhz,Crimthebold,It was pretty green until he busted out the chart ðŸ˜¬,141,1743626597.0
132,1jpyz81,You know your calls are cooked when the board comes out,ml353nj,nan1961,Heâ€™s just so stupid,379,1743626258.0
133,1jpyz81,You know your calls are cooked when the board comes out,ml34c6c,BolsonaroPresoAmanha,HAHAHAHAHAHAHAHAHA america is so fucked,565,1743626043.0
134,1jpyz81,You know your calls are cooked when the board comes out,ml346ni,mpoozd,"RIP bull market

https://preview.redd.it/1pflze3dfhse1.jpeg?width=1100&format=pjpg&auto=webp&s=ca7b1393b76981c9c4a7c6bf572efc7d73eb0a90",259,1743626000.0
135,1jpyz81,You know your calls are cooked when the board comes out,ml35au6,Mosesofdunkirk,"What if the whole world puts tariffs on digital products, Trump just doesnâ€™t understand that the deficit in trade is actually on the rest of the world since they import tech. Who the fuck cares about tariffs on beer cans, real money is in Software. Europe is giving 108bil deficit on software. 

The whole world runs on american software lol.",279,1743626313.0
136,1jpyz81,You know your calls are cooked when the board comes out,ml3a5op,dpalmer09,He's such a cunt,119,1743627676.0
137,1jpyz81,You know your calls are cooked when the board comes out,ml39si8,Tcarruth6,"I just walked down the aisle in my local Canadian superstore - all the American products have been sorted through by customers and placed upside down. There is no one in the 24 hour mcdonalds or starbucks. We don't need tariffs, the moment they threatened to annex us, we just aint buying any American stuff full stop!",151,1743627570.0
138,1jpyz81,You know your calls are cooked when the board comes out,ml3g2t4,Desperate-Shine3969,I genuinely dont think that an intelligent person could have voted for Trump,108,1743629439.0
139,1jpyz81,You know your calls are cooked when the board comes out,ml34kj5,,[removed],264,1743626108.0
140,1jpyz81,You know your calls are cooked when the board comes out,ml35wjk,heytherepartner5050,32% on Taiwan?!?! Taiwan about to be ROLLING in silicon dollars,116,1743626481.0
141,1jpyz81,You know your calls are cooked when the board comes out,ml3893d,vilified-moderate,yet some are listed at baseline 10% so why include them?.. they printed this like 2 hours ago,3861,1743627130.0
142,1jpyz81,You know your calls are cooked when the board comes out,ml37rbd,Conglossian,Probably someone that insider traded off it lol,930,1743626993.0
143,1jpyz81,You know your calls are cooked when the board comes out,ml36q0b,Master-Stratocaster,Yuge,1815,1743626709.0
144,1jpyz81,You know your calls are cooked when the board comes out,ml381uu,JoeyTropical4693,Nobody knows more about boards than me. Itâ€™s amazing,421,1743627074.0
145,1jpyz81,You know your calls are cooked when the board comes out,ml3ct61,Rattlesnake_Mullet,"They've never seen anything like it. Other people, they have small boards. But this is a beautiful board. People like it, and we are going to win. We are going to win big, with a board like that.",229,1743628460.0
146,1jpyz81,You know your calls are cooked when the board comes out,ml34uhc,Extension_Tap_5871,I donâ€™t think that man has worked with excel a day in his life,3042,1743626186.0
147,1jpyz81,You know your calls are cooked when the board comes out,ml38f0y,Vargau,The amount of memes this image is going to pull â€¦ especially with chatgpt,328,1743627177.0
148,1jpyz81,You know your calls are cooked when the board comes out,ml37n6g,vilified-moderate,excel would at least allow you to put it in some damn order,191,1743626963.0
149,1jpyz81,You know your calls are cooked when the board comes out,ml3kj8q,alwaysneverjoshin,Why the fuck is Australia getting a tariff. The US has a trade surplus with the Aussies!,1568,1743630804.0
150,1jpyz81,You know your calls are cooked when the board comes out,ml396pp,Helios___Selene,"Love how he said about Cambodians, â€˜they are getting rich from us, not anymore.â€™

Cambodia is like poorest 10% countries.Â ",3247,1743627396.0
151,1jpyz81,You know your calls are cooked when the board comes out,ml37sf0,Lonely-Contract4213,and MADAGASCAR,167,1743627002.0
152,1jpyz81,You know your calls are cooked when the board comes out,ml3at65,3suamsuaw,Mario will pay the tariffs acktually,693,1743627867.0
153,1jpyz81,You know your calls are cooked when the board comes out,ml3ovev,DillonMeSoftly,"You joke but when they start coming for the vidya, the red pilled tech bros are gonna fucking lose it",118,1743632187.0
154,1jpyz81,You know your calls are cooked when the board comes out,ml3cdp4,gloomyglooom,https://preview.redd.it/5xu7ci88mhse1.jpeg?width=1289&format=pjpg&auto=webp&s=94cc1ee903111a616add58173658d6c060bab8d6,5067,1743628332.0
155,1jpyz81,You know your calls are cooked when the board comes out,ml39nlu,Shot-Maximum-,It's like a shitcoin rugpull chart,1131,1743627532.0
156,1jpyz81,You know your calls are cooked when the board comes out,ml3asdk,LighteningOneIN,"https://preview.redd.it/tok614xtkhse1.jpeg?width=640&format=pjpg&auto=webp&s=644d3764170ee719ffcc8ed46c00f1edcee3e3f7

 ![img](emote|t5_2th52|4260)",1082,1743627861.0
157,1jpyz81,You know your calls are cooked when the board comes out,ml357qw,Strong_Brick_9703,"New PC is gonna cost like a used car, lmao",2884,1743626289.0
158,1jpyz81,You know your calls are cooked when the board comes out,ml34myc,lolimdivine,china and vietnam are high too. literally everything is about to be expensive. i wish we could see mexico,1582,1743626127.0
159,1jpyz81,You know your calls are cooked when the board comes out,ml36e1d,jkvincent,We are being liberated from our economy of cheap commodities. Can't you smell the freedom?,304,1743626616.0
160,1jpyz81,You know your calls are cooked when the board comes out,ml35nhb,Old-Store-7351,"Damn, everything's computer",290,1743626410.0
161,1jpyz81,You know your calls are cooked when the board comes out,ml352jv,ImBeingVerySarcastic,"Why would prices go up? According to Navarro, tariffs are actually tax cuts! And foreign countries are gonna pay it! So whenever you get a customs bill, just forward it to China! Teeheeâ„¢ - Average Trump Voter",381,1743626249.0
162,1jpyz81,You know your calls are cooked when the board comes out,ml34mt4,-Tayne-,https://preview.redd.it/m1tc2jxnfhse1.png?width=1038&format=png&auto=webp&s=3f261acc770c661e104b2449e66fad548a3b7bd2,968,1743626126.0
163,1jpyz81,You know your calls are cooked when the board comes out,ml39c4u,Strong_Brick_9703,https://preview.redd.it/albazffijhse1.png?width=500&format=png&auto=webp&s=eb0bc54f9ab2a0d5bd1976a7943160d01b9ce57b,683,1743627440.0
164,1jpyz81,You know your calls are cooked when the board comes out,ml39xy7,ATTORNEY_FOR_CATS,"https://preview.redd.it/9acchgz2khse1.png?width=1038&format=png&auto=webp&s=1dde738b8eb5d4fcf22521380ed74ea8cea48549

""Whaw!""",460,1743627614.0
165,1jpyz81,You know your calls are cooked when the board comes out,ml3a67e,Kierkegaard_Soren,"https://preview.redd.it/lm263eeakhse1.jpeg?width=1536&format=pjpg&auto=webp&s=42414ca7e65072640b7c80c843a99ad3a230e717

OC",1358,1743627680.0
166,1jpyz81,You know your calls are cooked when the board comes out,ml3rhrx,dafl1p14,https://preview.redd.it/wbkz0lw80ise1.jpeg?width=500&format=pjpg&auto=webp&s=baab08daf2a92ad194da4dae06e4e314df78fcb1,202,1743633045.0
167,1jpyz81,You know your calls are cooked when the board comes out,ml38w0x,InevitableResident94,"https://preview.redd.it/0kgr4bw6jhse1.jpeg?width=392&format=pjpg&auto=webp&s=65a628c5a26acba6051f9db44c564bb59e228145

THERE WILL COME A PAY DAY, HALLELUJAH WHAT A PAYDAY",332,1743627310.0
168,1jpyz81,You know your calls are cooked when the board comes out,ml39v95,Historical-Photo7125,https://preview.redd.it/he2xt6g0khse1.jpeg?width=1200&format=pjpg&auto=webp&s=a265c8966f1f8c89ef0d0fd097792e8f9bef7474,257,1743627593.0
169,1jpyz81,You know your calls are cooked when the board comes out,ml36cim,Friedchicken2,"https://preview.redd.it/s92s0rznghse1.jpeg?width=807&format=pjpg&auto=webp&s=0508bc9d05fa2aebebbb9b93167211a153cccc82

â€œBrother, making shitty plastic toys for $7.50/hour was always the American dreamâ€",2295,1743626605.0
170,1jpyz81,You know your calls are cooked when the board comes out,ml36sat,Drink_noS,Don't worry India and China will have all the tech jobs paying 300k a year while Americans will work at Tesla sweat shops for $7.25 an hour!,676,1743626726.0
171,1jpyz81,You know your calls are cooked when the board comes out,ml3664t,hella_confidential,"Everyone is getting beautiful, clean coal for Christmas this year!",109,1743626556.0
172,1jpyz81,You know your calls are cooked when the board comes out,ml3f0w8,Shrike79,"I live in the suburbs and my neighbor has been raising ducks, chickens, and now goats. I don't even know if it's even legal for him to have all that here but I'm about to go over and ask him how to start my own mini farm in the backyard.",310,1743629123.0
173,1jpyz81,You know your calls are cooked when the board comes out,ml38fdb,carmolio,"China is at 45%-70% already, depending on the product. Adding 34% to that....",1153,1743627180.0
174,1jpyz81,You know your calls are cooked when the board comes out,ml37u1e,hunny_bun_24,Really? Thatâ€™s crazy. Why,232,1743627014.0
175,1jpyz81,You know your calls are cooked when the board comes out,ml38hy5,Independent_Nose5374,"Yup, American consumers are cooked, recession on da way.",1023,1743627200.0
176,1jpyz81,You know your calls are cooked when the board comes out,ml36khm,Coldatahd,Better hurry up and reserve your Wendy dumpster spot itâ€™s about to get busy back there ðŸ˜‚,170,1743626666.0
177,1jpyz81,You know your calls are cooked when the board comes out,ml34pdk,LighteningOneIN,"https://preview.redd.it/isrnxi8qfhse1.jpeg?width=651&format=pjpg&auto=webp&s=c3f1ffaa1c5929569d108c176d8b65872c4f5469

He'll be like ""Make Markets Crash Again""",282,1743626146.0
178,1jpyz81,You know your calls are cooked when the board comes out,ml3b7eu,,[removed],384,1743627984.0
179,1jpyz81,You know your calls are cooked when the board comes out,ml3c7dd,,[removed],204,1743628281.0
180,1jpyz81,You know your calls are cooked when the board comes out,ml405go,a_zone_of_danger,The same Wharton that produced this quote? â€œ[He] was the dumbest goddam student I ever had.â€,150,1743635915.0
181,1jpyz81,You know your calls are cooked when the board comes out,ml3c3zi,43user,Looks like market coped for a postponement.,140,1743628254.0
182,1jpyz81,You know your calls are cooked when the board comes out,ml35rsy,,[removed],1257,1743626446.0
183,1jpyz81,You know your calls are cooked when the board comes out,ml36cio,,[removed],136,1743626605.0
184,1jpyz81,You know your calls are cooked when the board comes out,ml373vn,,[removed],210,1743626814.0
185,1jpyz81,You know your calls are cooked when the board comes out,ml39pip,SecretPrinciple8708,"Short for â€œtariffic,â€ of course.",143,1743627546.0
186,1jpyz81,You know your calls are cooked when the board comes out,ml35k66,Browns45750,More than that those jeans from Vietnam are 30 percent more your replacement p5s 20 plus,467,1743626385.0
187,1jpyz81,You know your calls are cooked when the board comes out,ml35pny,Vandilbg,Minimum,151,1743626427.0
188,1jpyz81,You know your calls are cooked when the board comes out,ml38wvz,Kaiser3rd,"No, because every single company will move to the US and wont pay tariffs. And it will create lots of jobs. /s",308,1743627316.0
189,1jpyz81,You know your calls are cooked when the board comes out,ml3fj34,CrossCycling,Conservative republicans celebrating taxes,265,1743629275.0
190,1jpyz81,You know your calls are cooked when the board comes out,ml346wd,Browns45750,"Means the market is going to be brutal tmrw this is well beyond what Wall Street was expecting, congress needs to grow a pair and block this before a major economic crisis",1718,1743626002.0
191,1jpyz81,You know your calls are cooked when the board comes out,ml35uil,Frosti11icus,Pretty sure the Egyptians tax on haybricks against the Hebrews was more.,376,1743626466.0
192,1jpyz81,You know your calls are cooked when the board comes out,ml37o0y,Safe_Manner_1879,For a modern economy yes.,105,1743626969.0
193,1jpyz81,You know your calls are cooked when the board comes out,ml34v67,Bongressman,"""I love Teslerr!""",347,1743626191.0
194,1jpyz81,You know your calls are cooked when the board comes out,ml34dot,firstandlast0202,\*Maga,205,1743626055.0
195,1jpyz81,You know your calls are cooked when the board comes out,ml356kq,BiglyStreetBets,"America always beats China! Mr President, Iâ€™m so tired of all this winning! Please, mr President, stop all this winning! Itâ€™s too much!",391,1743626280.0
196,1jpyz81,You know your calls are cooked when the board comes out,ml3b2k0,endo489,At least sleepy Joe didn't rawdog the economy,531,1743627944.0
197,1jpyz81,You know your calls are cooked when the board comes out,ml3eg4w,-_-0_0-_0,"https://preview.redd.it/ja8n1342ohse1.jpeg?width=750&format=pjpg&auto=webp&s=551722a42ec34cf42f3e7a579455947ffd309088

$20 is $20..",152,1743628951.0
198,1jpyz81,You know your calls are cooked when the board comes out,ml39ya0,mujadaddy,Neurosyphilis,114,1743627617.0
199,1jpyz81,You know your calls are cooked when the board comes out,ml362sy,UnpricedToaster,Painfully stupid.,106,1743626530.0
200,1jpyz81,You know your calls are cooked when the board comes out,ml3an5r,Aggravating-Try-5155,To siphon all of the money into a sovereign crypto fund. Crash the economy and buy companies as they declare bankruptcy with the wealth fund.,147,1743627818.0
201,1jpyz81,You know your calls are cooked when the board comes out,ml39h1v,Visible-Plankton-806,Selling off the country to billionaires at a very low cost.,107,1743627479.0
202,1jpyz81,You know your calls are cooked when the board comes out,ml3d2zm,AllWhatsBest,"On the quick..

https://preview.redd.it/k1g4gwkumhse1.png?width=1080&format=png&auto=webp&s=b175f568d5547be710ae740c051359878c2a8b4d",114,1743628541.0
203,1jpyz81,You know your calls are cooked when the board comes out,ml36105,,[removed],130,1743626516.0
204,1jpyz81,You know your calls are cooked when the board comes out,ml38ms7,LucidMarshmellow,"It's like they pulled the numbers out of a hat. 

This is going to be historically mocked.",4132,1743627237.0
205,1jpyz81,You know your calls are cooked when the board comes out,ml3e2tz,akwakwak-ichooseU,What a beautiful board. When i came in here i saw it and i said wow what a beautiful board.,849,1743628839.0
206,1jpyz81,You know your calls are cooked when the board comes out,ml38c4w,DMineminem,"According to Epstein, Mr. ""Art of the Deal"" had no idea how to read a balance sheet. Seems particularly relevant with the non-stop moaning about trade deficits.",786,1743627155.0
207,1jpyz81,You know your calls are cooked when the board comes out,ml36c1f,,[removed],326,1743626601.0
208,1jpyz81,You know your calls are cooked when the board comes out,ml3m92u,Average650,None of this is intended to make sense.,1663,1743631346.0
209,1jpyz81,You know your calls are cooked when the board comes out,ml3e91i,buttercup612,American children can sew all those shoes together. Why should cambodian kids have all the fun?,653,1743628891.0
210,1jpyz81,You know your calls are cooked when the board comes out,ml3cb1u,scrotalsac69,He sees their standard of living as a target for most Americans,865,1743628311.0
211,1jpyz81,You know your calls are cooked when the board comes out,ml3fvja,Ecknarf,"As if Cambodia hasn't been hard done by enough by the USA historically.. ðŸ’€

The USA is so incredibly unlikable under Trump.",368,1743629378.0
212,1jpyz81,You know your calls are cooked when the board comes out,ml3owno,windowhihi,And what is Luigi going to do?,103,1743632198.0
213,1jpyz81,You know your calls are cooked when the board comes out,ml3hl0e,larry_flarry,https://preview.redd.it/fn0hod1wqhse1.jpeg?width=826&format=pjpg&auto=webp&s=39de3b9416cd6db5305fa40177768be7a704b0b1,1196,1743629898.0
214,1jpyz81,You know your calls are cooked when the board comes out,ml3krg2,Ok_Two8652,https://preview.redd.it/y4lxfe4sthse1.png?width=640&format=png&auto=webp&s=9b105cf559035c87dbace44e881b67a0b3e8e792,305,1743630875.0
215,1jpyz81,You know your calls are cooked when the board comes out,ml3i2zv,here_is_no_end,https://preview.redd.it/x5f7d5jcrhse1.jpeg?width=1320&format=pjpg&auto=webp&s=16ecdccb776c8a46ca7aa4a4eef4717a558793d8,1107,1743630052.0
216,1jpyz81,You know your calls are cooked when the board comes out,ml3d6qm,SilanggubanRedditor,"He did run Shitcoins, he has the experience",151,1743628572.0
217,1jpyz81,You know your calls are cooked when the board comes out,ml37w0t,dudeAwEsome101,New car is gonna cost like a house.,1369,1743627029.0
218,1jpyz81,You know your calls are cooked when the board comes out,ml375w4,ambermage,"https://preview.redd.it/voyz9urrhhse1.jpeg?width=1438&format=pjpg&auto=webp&s=a0a25d495e99842e9c0ceb5fe12f1d1e7e3114b8

This is what it would look like in Mexico",3729,1743626830.0
219,1jpyz81,You know your calls are cooked when the board comes out,ml35b8d,Moifaso,"The industrious American people had been yearning for more shoe and t-shirt jobs, and by God they will have them.",930,1743626316.0
220,1jpyz81,You know your calls are cooked when the board comes out,ml35p6u,BartD_,This will make egg prices seem low,194,1743626424.0
221,1jpyz81,You know your calls are cooked when the board comes out,ml35koj,platinumarks,"Japan's 24%, which isn't particularly low either",123,1743626389.0
222,1jpyz81,You know your calls are cooked when the board comes out,ml35vf4,AHive1312,Too many syllables for the average trump voter.,107,1743626473.0
223,1jpyz81,You know your calls are cooked when the board comes out,ml37qok,Zaorish9,ENHANCE!,232,1743626989.0
224,1jpyz81,You know your calls are cooked when the board comes out,ml3cshz,Terrat0,"Why is the Cheesecake Factory menu ai generated, â€œcheeserake and specialty dessertsâ€ indeed.",157,1743628455.0
225,1jpyz81,You know your calls are cooked when the board comes out,ml37jrf,WellSpreadMustard,"Those jobs are for ai and robots, weâ€™ll be in the mines",555,1743626938.0
226,1jpyz81,You know your calls are cooked when the board comes out,ml39l7u,LighteningOneIN,https://preview.redd.it/j975rclrjhse1.jpeg?width=645&format=pjpg&auto=webp&s=c5e9cbe6c10d9672b80f3ef2fb89ae7cc4a9adaf,393,1743627512.0
227,1jpyz81,You know your calls are cooked when the board comes out,ml3ks4z,thisbondisaaarated,"Join him and create a herding cooperative, Ñ‚Ð¾Ð²Ð°Ñ€Ð¸Ñ‰.",154,1743630881.0
228,1jpyz81,You know your calls are cooked when the board comes out,ml3iikt,Kal-Elm,"Is that adding 34% or 34 percentage points? 

Not that it matters, I'm just curious if he's even thought that through.",340,1743630186.0
229,1jpyz81,You know your calls are cooked when the board comes out,ml3a1cy,Drakar_och_demoner,Who knows at this point.,342,1743627641.0
230,1jpyz81,You know your calls are cooked when the board comes out,ml3e0sd,TechnologyRemote7331,I honestly think heâ€™s hoping to rob us blind and be on a plane to Moscow before anyone can stop him.,117,1743628821.0
231,1jpyz81,You know your calls are cooked when the board comes out,ml3b8yc,drs_ape_brains,Most American consumers still think they don't pay for tariffs,614,1743627996.0
232,1jpyz81,You know your calls are cooked when the board comes out,ml35lz5,Strong_Brick_9703,https://preview.redd.it/nvmafsngghse1.png?width=549&format=png&auto=webp&s=aef16a2bde8b5a9f15b342336d5ab3f60414e032,154,1743626399.0
233,1jpyz81,You know your calls are cooked when the board comes out,ml399xt,,[removed],173,1743627422.0
234,1jpyz81,You know your calls are cooked when the board comes out,ml37s3b,,[removed],141,1743626999.0
235,1jpyz81,You know your calls are cooked when the board comes out,ml378n5,,[removed],129,1743626852.0
236,1jpyz81,You know your calls are cooked when the board comes out,ml37hai,,[removed],156,1743626918.0
237,1jpyz81,You know your calls are cooked when the board comes out,ml39f82,,[removed],101,1743627464.0
238,1jpyz81,You know your calls are cooked when the board comes out,ml37akc,,[removed],126,1743626866.0
239,1jpyz81,You know your calls are cooked when the board comes out,ml3ieoj,myfotos,"Starting tomorrow, everything made in USA.  Congrats everyone!",139,1743630153.0
240,1jpyz81,You know your calls are cooked when the board comes out,ml35cvh,Bongressman,"Congress? Do something? Like... a Coequal branch of government or some shit?

What a weird concept of an idea.",1093,1743626328.0
241,1jpyz81,You know your calls are cooked when the board comes out,ml392s6,ambermage,"Old people had it too easy.

We will live through *The GREATEST Depression.*

In before people complain about starving and some politician says ""You don't get hungry if you take Ozempic.""",240,1743627364.0
242,1jpyz81,You know your calls are cooked when the board comes out,ml35s3s,Moifaso,">Means the market is going to be brutal tmrw

You don't get it. Bad news means calls. I'm thinking TSLA +8%",235,1743626448.0
243,1jpyz81,You know your calls are cooked when the board comes out,ml34zkl,Fit_Independent1899,pretty sure itâ€™s too late,210,1743626225.0
244,1jpyz81,You know your calls are cooked when the board comes out,ml36at0,Dirty_slippers,Congress is currently controlled by the more regarded part that only listens to Trumpito. Nothing is getting done.Â ,104,1743626592.0
245,1jpyz81,You know your calls are cooked when the board comes out,ml37ujv,MikeMill69,Make Egypt Great Again,156,1743627018.0
246,1jpyz81,You know your calls are cooked when the board comes out,ml35874,fateless115,"""Everything's computer!""",262,1743626293.0
247,1jpyz81,You know your calls are cooked when the board comes out,ml3jssw,Insertsociallife,He's called sleepy Joe because we could all sleep at night...,354,1743630580.0
248,1jpyz81,You know your calls are cooked when the board comes out,ml3a9h6,CatoChateau,The history books about this decade will be THICCCC,2139,1743627707.0
249,1jpyz81,You know your calls are cooked when the board comes out,ml3h043,Lunar_denizen,People were telling me they love this board its the best they have everâ€¦the tariffs the tariffs they are gonna protect the workers the workers and ill tell you Iâ€™ve talked to so many of them and they all say thank you for making it great again and it will be great again because this board shows the numbers more than sleepy Joe didâ€¦he didnâ€™t even have a board like this because the fake news wouldnâ€™t show you,520,1743629721.0
250,1jpyz81,You know your calls are cooked when the board comes out,ml39pgc,,[deleted],163,1743627546.0
251,1jpyz81,You know your calls are cooked when the board comes out,ml3qioo,DIOmega5,Scare tactics so you will kiss the ring.,330,1743632724.0
252,1jpyz81,You know your calls are cooked when the board comes out,ml3hza9,Dave4216,"Why do you think Florida just rolled back child labor laws, theyâ€™re renaming Jacksonville to â€œNew Phnom Penhâ€",206,1743630020.0
253,1jpyz81,You know your calls are cooked when the board comes out,ml3p2co,PhilaBama,[Removed by Reddit],210,1743632249.0
254,1jpyz81,You know your calls are cooked when the board comes out,ml3aarp,9bikes,"\>New car is gonna cost like a house.

I've absolutely paid more for a car than my mom paid for the house I grew up in.",554,1743627718.0
255,1jpyz81,You know your calls are cooked when the board comes out,ml38f5i,kellyk311,Found Vince Gilligan,709,1743627178.0
256,1jpyz81,You know your calls are cooked when the board comes out,ml38hlx,Soytaco,"Thanks ese, it's really interesting to see that perspective",141,1743627197.0
257,1jpyz81,You know your calls are cooked when the board comes out,ml35z1x,lolimdivine,"https://preview.redd.it/n6yylblrghse1.jpeg?width=1024&format=pjpg&auto=webp&s=e85dc98dc55d662ed084edcfe01d888acfc0cfcb

cant waitðŸ¥°",514,1743626500.0
258,1jpyz81,You know your calls are cooked when the board comes out,ml35nrf,Stuman93,And the children yearning for the mines!,354,1743626413.0
259,1jpyz81,You know your calls are cooked when the board comes out,ml389fg,Hexlor,People already complaining about the price of the Switch 2 before this lol,175,1743627133.0
260,1jpyz81,You know your calls are cooked when the board comes out,ml392pi,sp2802,"he mentioned something like ""american cars account for only 5% in japan"". Who's gonna tell him that nobody wants to buy an american made car anyways lol",236,1743627363.0
261,1jpyz81,You know your calls are cooked when the board comes out,ml39wdl,Tenderhombre,The flesh is cheaper than steel. Why would we send our precious robots into the mines.,109,1743627602.0
262,1jpyz81,You know your calls are cooked when the board comes out,ml3bkjd,Scaevus,"We must be living in Xi Jingpingâ€™s dream, because everything seems to work out for him this year, and he hasnâ€™t even had to lift a finger.",258,1743628092.0
263,1jpyz81,You know your calls are cooked when the board comes out,ml3jthz,Entgenieur,Why do you asking us? He doesnâ€™t know himself,780,1743630586.0
264,1jpyz81,You know your calls are cooked when the board comes out,ml3ifnz,FatalTortoise,Something something fetanyl?,123,1743630162.0
265,1jpyz81,You know your calls are cooked when the board comes out,ml3dyvg,watcherofworld,They'll be the first to be drafted in the greenland and canada war.,453,1743628805.0
266,1jpyz81,You know your calls are cooked when the board comes out,ml38c1l,,[removed],112,1743627155.0
267,1jpyz81,You know your calls are cooked when the board comes out,ml38j5f,,[removed],209,1743627209.0
268,1jpyz81,You know your calls are cooked when the board comes out,ml3mcfy,MrStealYoBeef,We're all going to be swimming in jobs!  At *minimum* we're going to have 3 jobs each!,103,1743631376.0
269,1jpyz81,You know your calls are cooked when the board comes out,ml3c3a5,blueJoffles,Bold of you to assume that future US citizens will know how to read,2255,1743628248.0
270,1jpyz81,You know your calls are cooked when the board comes out,ml3o6ki,CplGunishment,I actually heard his voice reading this,222,1743631965.0
271,1jpyz81,You know your calls are cooked when the board comes out,ml38uag,In2JC724,Made me giggle. Rewatching Breaking Bad atm,152,1743627297.0
272,1jpyz81,You know your calls are cooked when the board comes out,ml36gn9,OkOriginal4453,"If weâ€™re having 8 year olds back in the workforce, they better let us drink on the job too.",164,1743626636.0
273,1jpyz81,You know your calls are cooked when the board comes out,ml3brpa,Noodlebat83,Americans cars barely fit on the roads in most countries. no need for a ford pick up in tokyo.,135,1743628151.0
274,1jpyz81,You know your calls are cooked when the board comes out,ml3f21v,a_library_socialist,"""Never interrupt your enemy while he is making a mistake""",143,1743629133.0
275,1jpyz81,You know your calls are cooked when the board comes out,ml3eg42,anonymous9828,you mean special military operation,238,1743628951.0
276,1jpyz81,You know your calls are cooked when the board comes out,ml3cg4q,CatoChateau,I didn't say American textbooks!,2137,1743628353.0
277,1jpyz81,You know your calls are cooked when the board comes out,ml37dwq,Mr_Times,Put coke back in the coke and bring back the lemon quaaludes. Weâ€™ll right this ship in 15 minutes.,186,1743626892.0
278,1jpyz81,You know your calls are cooked when the board comes out,ml3fvm3,lurker-157835,"They're gonna call it something with ""liberation"" or ""freedom"", I guarantee it. ""The liberation effort"" or something like that.",142,1743629379.0
279,1jpyz81,You know your calls are cooked when the board comes out,ml3gkqz,Short_Bus_,future chinese history textbooks are going to have multiple chapters dedicated to thanking that ugly kid for missing by a centimeter,929,1743629591.0
