post_id,post_title,comment_id,author,body,score,created_utc
1jioony,BUY EVERYTHING,mjgvild,firewoodrack,I got Uber Eats last night and a fairly new Lexus GX460 pulled up ![img](emote|t5_2th52|4271)![img](emote|t5_2th52|4271),4889,1742819881.0
1jioony,BUY EVERYTHING,mjgp5rr,JoseArcadi0, Pics of the driver or didn‚Äôt happen.,3611,1742817119.0
1jioony,BUY EVERYTHING,mjgosvc,HighOrHavingAStroke,"The attractive blonde girls start driving ubers on the way down, long before the bottom.",2306,1742816954.0
1jioony,BUY EVERYTHING,mjgq9xn,Pitiful-Recover-3747,"If people still got uber money, it ain‚Äôt the bottom.",8054,1742817624.0
1jioony,BUY EVERYTHING,mjgpzrp,Gh0StDawGG,Heard my building maintenance guy explaining options to a random in my lobby the other day. Are we really at the bottom?,2254,1742817499.0
1jioony,BUY EVERYTHING,mjh3ha4,AC_deucey,"https://preview.redd.it/hua50bh33nqe1.jpeg?width=1393&format=pjpg&auto=webp&s=b46c6d92550831d9aa208b1154637a7c55b823c5

I‚Äôm from the future. ![img](emote|t5_2th52|4267)",466,1742822903.0
1jioony,BUY EVERYTHING,mjgqe1y,TheProfessional9,Didn't the RL version of this guy just say this is the beginning of the downturn?,407,1742817675.0
1jioony,BUY EVERYTHING,mjgrj0q,Pin_ups,You forgot to say she owns 3 homes with zero down payment at the current premiums of 5k each per month and she makes one third of that expense.,367,1742818185.0
1jioony,BUY EVERYTHING,mjh4h5j,,[removed],752,1742823259.0
1jioony,BUY EVERYTHING,mjh0679,,[removed],719,1742821694.0
1jioony,BUY EVERYTHING,mjgtey1,D1ckChowder,Can‚Äôt wait to pay for my uber with Klarna or Affirm,150,1742819005.0
1jioony,BUY EVERYTHING,mjhgopn,strangebru,"A comedian in the 1980s had a joke similar to this:


> The best part of the recession is that the prostitutes are getting better looking.",136,1742827230.0
1jioony,BUY EVERYTHING,mjh672s,bucketdaruckus,"No joke I tried to sign up for doordash, ubereats, instacart and amazonflex like 2 days ago and they're all full not accepting new drivers in my area",187,1742823856.0
1jioony,BUY EVERYTHING,mjgseth,EasilyDistracted-,"Was the Uber driver delivering a burrito someone bought on a payment plan?

We haven't begun to scrape bottom yet.",119,1742818572.0
1jioony,BUY EVERYTHING,mjgqh8g,solidtangent,AI killing OF.,101,1742817714.0
1jioony,BUY EVERYTHING,mjgwxkq,mrbombastically,Save the tattoed girls for me,-1,1742820451.0
1jioony,BUY EVERYTHING,mjgy9y4,IgnobleSpleen,Tattoos are unattractive? What year is it?,-6,1742820974.0
1jioony,BUY EVERYTHING,mjgw4y1,obamnamamna,Tattoos unattractive?  I get the meme but like what type of religious fundamentalist purity logic shit is that? Lmao,-8,1742820133.0
1jioony,BUY EVERYTHING,mjgrk9u,pgm3387,Plot twist: she has a dic,-5,1742818200.0
1jioony,BUY EVERYTHING,mjgwz65,ToEuropa,Nah she probably fresh off the boat Eastern Europe,-1,1742820468.0
1jioony,BUY EVERYTHING,mjhcahq,learnedsanity,"some people are literally doing this line of work to have that nice car, which seems like a weird choice but that's just my look on life.",1415,1742825825.0
1jioony,BUY EVERYTHING,mjh6jil,OneArmedBrain,"It's something I've noticed as well.  I don't use that service, or DD, but living in an apartment complex, I see a lot of them and yes I've notice nicer cars and more ""professional"" people doing deliveries recently.",730,1742823975.0
1jioony,BUY EVERYTHING,mjgrar1,SevereArrivals13,"Feet pics if possible for additional verification

Disclaimer: Its just for security reasons and nothing else",1360,1742818082.0
1jioony,BUY EVERYTHING,mjh523j,BetElectronic6207,"If you go to Germany or even Canada you can see hot girls working jobs that you almost never see them working in the US. I imagine the phenomenon is even more pronounced in Eastern Europe, but I haven‚Äôt been. I think maybe the US is unique in hot girls refusing to debase themselves with menial labor.",124,1742823464.0
1jioony,BUY EVERYTHING,mjgq5yk,Neowwwwww,Just means only fans is taking a hit from ai porn.,1032,1742817575.0
1jioony,BUY EVERYTHING,mjgscvu,mrdeadsniper,"Yeah this guy is huffing intense copium. 

If this is the start of a recession, its the first month. If recessions only lasted a month people wouldn't be so concerned with them. 

Markets like stability, and we are no where near that right now. 

There is very real concerns we will go into stagflation period due to self imposed tariffs and their counters. In the last two 70s and early 80s. Unemployment hit around 10% each time. 

Basically.. if you think <5% unemployment is the worst it can get.. you are going to have a bad time.",239,1742818549.0
1jioony,BUY EVERYTHING,mjgt6va,Skybreakeresq,My dude they are financing pizzas now,2487,1742818909.0
1jioony,BUY EVERYTHING,mjgreh4,SevereArrivals13,There is still a couple nickels left to steal from retail for sure lol,1064,1742818129.0
1jioony,BUY EVERYTHING,mjgsudn,Narradisall,"In 2008 people were writing suicides notes and some were following through on it. It can get so much worse and given this sub is still somewhat buoyant I don‚Äôt think we‚Äôre at capitulation yet, if we ever get there this time.",328,1742818761.0
1jioony,BUY EVERYTHING,mjgsr0d,normalbrain609,If there's a real deal bad recession watching Zoomers understand what a bad economy actually looks like is gonna be wild.,151,1742818720.0
1jioony,BUY EVERYTHING,mjgqfq4,MilkyWayObserver,Depends did he say to get calls or puts?,710,1742817695.0
1jioony,BUY EVERYTHING,mjgs0l9,Warren_Puff-it,"I believe he said ""I will have the gabagool.""",406,1742818400.0
1jioony,BUY EVERYTHING,mjgwzci,shiningbeans,"Damn you didn‚Äôt have to Doxx her, now we know she‚Äôs in Miami",154,1742820471.0
1jioony,BUY EVERYTHING,mjh50ky,Donthavethekey,"Five is way too young to invest in the market, don‚Äôt worry about it¬†",112,1742823449.0
1jioony,BUY EVERYTHING,mji21u2,bloob_appropriate123,"Exactly, part of the pleasure in using hookers is knowing that they're doing it out of desperation.",-23,1742833666.0
1jioony,BUY EVERYTHING,mjhcjsg,notoriouslush,Oh that ain't good,116,1742825909.0
1jioony,BUY EVERYTHING,mjh4ydl,Cygs,"OF is so oversaturated the median revenue is like 5/mo for models.¬† Amouranth is buying and selling mansions, sure.¬† Your average OF thot is working hours a week to buy half a big mac.


Its like saying ""The soundest financial move is to play basketball, Kevin Durant makes 50 million a year"".¬†¬†",161,1742823428.0
1jioony,BUY EVERYTHING,mjgpubu,Live_Key2247,"I‚Äôm guessing when an attractive woman starts driving for uber it‚Äôs an indication that she isn‚Äôt financially stable and needs quick cash, which in itself indicates we might be in an economic recession. Kinda grasping at straws here",180,1742817430.0
1jioony,BUY EVERYTHING,mjgt1ey,Mysterious_Print9937,Daddy chill,114,1742818845.0
1jioony,BUY EVERYTHING,mjhbahi,damnmyredditheart,Tattoos are hot tbh¬†,-7,1742825502.0
1jioony,BUY EVERYTHING,mjiysdf,shmoculus,"They are an amplifier and signify non-conformity, if you're a loser or ugly they make you look worse, if you are hot or successful they make you look better",-2,1742843044.0
1jioony,BUY EVERYTHING,mjhi0b9,Academic-Ad8382,"What happens is they over extend themselves and then rationalize doing that line of work for that nice car.

If a person has forsight to know that they would need to work a second job for a nice car, they *probably* have enough executive functioning to maybe not get that nice car.",668,1742827647.0
1jioony,BUY EVERYTHING,mjhki7c,klausbaudelaire1,I‚Äôve seen it too. Saw a young girl delivering Uber Eats to my apartment complex in a very ‚Äúmid‚Äù part of my mid city. She was driving a NICE BMW.¬†,128,1742828423.0
1jioony,BUY EVERYTHING,mjhqt7u,ProdMikalJones,money is money,279,1742830322.0
1jioony,BUY EVERYTHING,mjgs6l7,Shakaww,2Feet verification,912,1742818472.0
1jioony,BUY EVERYTHING,mjhdilo,Don_Cornichon_II,"I think it's just that the US has fewer hot girls, since 90% are obese.",302,1742826218.0
1jioony,BUY EVERYTHING,mjgzu0t,Ashamed-Fig-4680,It would be hilarious if AI droid brothels started popping up and it killed the porn industry in the future üòÇ,365,1742821568.0
1jioony,BUY EVERYTHING,mjgvg5q,Brodie_C,"We have an entire generation of people trading the market now, who were literal babies the last time we had a serious recession.",133,1742819853.0
1jioony,BUY EVERYTHING,mjgsqvi,redditmodloservirgin,You honestly believe the lines that we haven't been in a recession for the past 2 years?,-23,1742818718.0
1jioony,BUY EVERYTHING,mjgux8c,MaxPower303,I need a co-signer for my large two topping pizza from Domino‚Äôs at 29.99% APR.,1117,1742819638.0
1jioony,BUY EVERYTHING,mjgyf1q,Pitiful-Recover-3747,"Exactly. If there‚Äôs banks willing to extend credit on pizza, we ain‚Äôt at the bottom.",144,1742821028.0
1jioony,BUY EVERYTHING,mjgxjp0,iamprobablytalkingbs,"It will trickle eventually, I swear",316,1742820694.0
1jioony,BUY EVERYTHING,mjgt68k,zg44,"That's 17 years ago.

We got a whole generation of ""traders"" and people <30 years old that have no real clue of what a serious recession is.",370,1742818902.0
1jioony,BUY EVERYTHING,mjhztk7,bloob_appropriate123,">landlordfucks4cash


Yikes I didn't know this existed. Men really do hate us.",-1,1742833001.0
1jioony,BUY EVERYTHING,mjgz5uu,Much-Bedroom86,"The problem with that is things suck now for a lot of them already. At least previous recessions were preceded by boom times. 2008 was preceded by cheap houses plus a tech boom. Late 2010's saw more tech jobs and cheap housing. Especially if you bought in 2020. Today, entry level jobs are harder to come by and houses are more expensive than ever if you're young and single.",110,1742821312.0
1jioony,BUY EVERYTHING,mjgti7o,According_Win_5983,Pay for your uber ride over 12 months with klarna!,104,1742819044.0
1jioony,BUY EVERYTHING,mjgsr4y,Gh0StDawGG,Hard to remember because I work at Wendys and do the same to anyone who comes to my drive through. Conversations get mixed up after a while.,367,1742818722.0
1jioony,BUY EVERYTHING,mjgrcdj,SevereArrivals13,Yes,138,1742818103.0
1jioony,BUY EVERYTHING,mjgu3v2,bunchofrightsiders,He can pretend to be other characters but he's Michael Scott and that's it.,-9,1742819300.0
1jioony,BUY EVERYTHING,mjhtz7o,T8ert0t,"Yes, and Steve Buscemi volunteered on 9/11.",-2,1742831263.0
1jioony,BUY EVERYTHING,mjgq3tl,MtnMaiden,"Yup, the hot girl index.  Yes it's a thing",144,1742817549.0
1jioony,BUY EVERYTHING,mjgqgvp,Academic-Image-6097,"Right, that makes sense. But is that a better indicator than, I don't know, just a lot of people applying to jobs in the gig economy?

 Should attractive women have an easier time finding a job? Well, I guess so... But who is the guy in the picture, though?

Probably overthinking it.",-2,1742817710.0
1jioony,BUY EVERYTHING,mjgqhj9,Gortecz,But this is bullshit because we all know that attractive women will start an OnlyFans,-6,1742817718.0
1jioony,BUY EVERYTHING,mjgxjlp,obamnamamna,Bro again I get the meme. I said that. What I don't get is conflating tattoos with being unattractive. What type of baby shit is that,-3,1742820693.0
1jioony,BUY EVERYTHING,mjjwugr,twitch1982,"And from most economic studies I've seen, with driving Uber at least, dunno about eats, you're basically just making enough to cover the wear and tear and added depreciation your putting on your car. Its just a loan against the life and resale value of the vehicle, that you have to give up hours of your day for.",232,1742853010.0
1jioony,BUY EVERYTHING,mjhn9e6,WorldlyNotice,"It's not about extra money to pay for the car, it's about the car being a ""work car"" so they can get expenses, depreciation, and tax deductions out of it.

They probably use a spare room as their ""office"" for their food delivery business to deduct some percentage of taxes / interest as well.",-6,1742829260.0
1jioony,BUY EVERYTHING,mji0jdl,List-Beneficial,I won't lie. If I see an Uber driver with 50k car or 100k car I automatically think they are regarded,470,1742833215.0
1jioony,BUY EVERYTHING,mjh0952,DiasCrimson,"What if they have two left feet?

https://preview.redd.it/z869oz9rzmqe1.jpeg?width=1279&format=pjpg&auto=webp&s=e9452e305df7ad9b267040a7270e604c4dfc2656",873,1742821725.0
1jioony,BUY EVERYTHING,mji8txc,nephaelimdaura,"You don't even need to be hyperbolic like this. 73% of Americans are overweight or obese, 42% are obese. If you are a straight, normal weight American and looking for a normal weight partner, you are already only looking at 1/8 of the population before even accounting for anything else like age",177,1742835632.0
1jioony,BUY EVERYTHING,mjh046c,Neowwwwww,"It will, 100% guarantee.",191,1742821674.0
1jioony,BUY EVERYTHING,mjgwyvg,Complex_Confidence35,Yeah but we got like 0.0001% of the wealth. It doesn‚Äòt matter if everyone under 30 goes broke. The market doesn‚Äòt care about poor people.,114,1742820465.0
1jioony,BUY EVERYTHING,mjgvf0u,fritz_76,im gonna need you to hold the pepperoni in escrow,467,1742819840.0
1jioony,BUY EVERYTHING,mjh0ixo,Banes_Addiction,"Yeah, that's the ""stripper with 5 mortgages"" stage.",126,1742821825.0
1jioony,BUY EVERYTHING,mjha4t4,Kind_Move2521,"People will always need buds and why pay $250 for a zip from a solo grower with top-tier buds that works their ass off to produce the highest-quality ganja when you could get some dried-too-fast, non-cured, '29%' shit from a dispensary for $100 plus tax.

Recreational legalization has over-saturated and killed the market for small growers. If your response is, 'wElL tHat HaSNt hApPened In mY AreA' then you havent seen what's coming yet.",-4,1742825124.0
1jioony,BUY EVERYTHING,mjgymyx,Mooseandchicken,Does our economy have an enlarged prostate? Cuz that's usually the culprit if you're barely gettin a trickle,128,1742821112.0
1jioony,BUY EVERYTHING,mjgy57c,AggravatingWealth69,Me playing halo 3 while my dad navigates thru a financial crisis ![img](emote|t5_2th52|8883),260,1742820924.0
1jioony,BUY EVERYTHING,mjgu8v9,Narradisall,"What are you talking about it was only a few yea‚Ä¶ oh god, oh no!",156,1742819357.0
1jioony,BUY EVERYTHING,mjgvhyq,Vospader998,"But not so long ago that all the people who caused it are still around, and didn't learn a goddamn thing other than ""I can fuck up as much as I want, and the taxpayers will bail me out"". 

Pump the economy for all it's worth, make a fortune, then dump everything once it all falls apart. Pump-and-dump to get yours while the pensions, 401ks, life savings, and taxpayers are left holding the bag.",103,1742819874.0
1jioony,BUY EVERYTHING,mjgwt7k,dysfunctionalbrat,"""Sir, isn't this a Wendy's?""",109,1742820403.0
1jioony,BUY EVERYTHING,mji6g3s,Whorq_guii,Ask women.,-2,1742834954.0
1jioony,BUY EVERYTHING,mjkm3xz,primusperegrinus,So you‚Äôre saying it‚Äôs best to do uber eats in a stolen car?,212,1742860882.0
1jioony,BUY EVERYTHING,mjqmuw6,atv223,I‚Äôd rather own a 4Runner,-1,1742942993.0
1jioony,BUY EVERYTHING,mji2wf4,KexRwondo,Or they have no life,122,1742833917.0
1jioony,BUY EVERYTHING,mji6hsr,ProdMikalJones,"I‚Äôm just looking at it from a stand point of: 

You & I have no idea the circumstances or reasoning as to why others make the money they make the way they do. 

It could be someone who dashes once or twice on the way home from work to cover a lunch bill or get some extra money for dinner, or even extra gas money.

Someone could be an independent contractor (outside of courier services) and be in between jobs for a little bit.

Others could be using multiple services when not on the other. Get off Doordash, go to Uber, then Ubereats, to Grub Hub, etc. The ‚Äú50k car or 100k car‚Äù could be primarily used for Ride Sharing services that are upper end like Uber XL or so be it.

I just don‚Äôt get the judgement of people who are actively working. Who cares? There‚Äôs a demand for couriers, they are supplying it. 

Hell, that super expensive car could be a loaner or a relatives that they are borrowing.

Who‚Äôs more questionable, the person delivering food in a nice car, or the customer ordering a personal taxi for their food (plus fees, times etc.) for convenience sake and then getting weird about their driver / tipping. Pretty sure you can do payment plans on those apps now too, which is even more of a questionable act.

(Immediate downvotes is weird, Doordash was initially marketed towards people who just want to make a few extra dollars, with commuting in mind)

Thanks for the reward, that‚Äôs a first for a comment. Be good to fellow man.",176,1742834968.0
1jioony,BUY EVERYTHING,mji335h,No_Sugar8791,More likely they're using it as a cover to sell other products.,-6,1742833973.0
1jioony,BUY EVERYTHING,mjh2omk,Garchompisbestboi,"come on man, I was just about to eat dinner when I saw that üòÇ",221,1742822617.0
1jioony,BUY EVERYTHING,mjj368e,FeelingFae,"If 73% of Americans are overweight or obese then that is a ""normal weight"".",-24,1742844324.0
1jioony,BUY EVERYTHING,mjh0rbf,zmbjebus,Is escrow code word for up my ass? because if so then yes.,157,1742821912.0
1jioony,BUY EVERYTHING,mjgvbof,Throwaway921845,"We are closer to the 22nd century than to the end of World War Two.

By the time you and I have grey hair, World War Two will be as ancient as the Franco-Prussian War was when we were children.",116,1742819802.0
1jioony,BUY EVERYTHING,mjh01kl,obamnamamna,Couldnt even begin to tell you how wrong you are haha that's a real virgin incel style take,-5,1742821646.0
1jioony,BUY EVERYTHING,mjinhv6,Safe_Personality_772,"You are overcomplicating this. This is not to look down on people, but the fact that someone is driving Uber or Door Dash for $20/hr tells me all I need to know: they are underemployed. You would make more by putting in more time at a white collar or even many blue collar trade jobs.

Its like post Great Financial Crisis when you'd see clean shaven 40 year old corporate dudes running the kitchen at Chick-fil-a. If I see someone driving uber who is not a typical ride service driver (stereotyping here but we all know what this means) is signals a soft labor market.",109,1742839781.0
1jioony,BUY EVERYTHING,mjhhc38,generalwaste1,It's OK. You can rub one out real quick,172,1742827434.0
1jioony,BUY EVERYTHING,mjhdfgv,Ill-Region-5200,"They'll take over both porn and prostitution. Make no mistake, it is as inevitable as it is necessary. Women have had unilateral control of the sexual marketplace for the last few decades and it's time to wrest it back.",-10,1742826191.0
1jioony,BUY EVERYTHING,mjhm4xr,Illustrious-Salt-214,"as a literal prostitute I doubt that very much lmao. I‚Äôm still getting $500+ to spend an hour w chuds like you, my clients just aren‚Äôt broke incels üòò",-1,1742828923.0
1jioony,BUY EVERYTHING,mjhbj7l,19-dickety-2,"Except that real wages increased by more than inflation and the effect was concentrated in the working class:

https://www.statista.com/statistics/1351276/wage-growth-vs-inflation-us/

https://www.epi.org/publication/swa-wages-2022/

> What this report finds: Between 2019 and 2022, low-wage workers experienced historically fast real wage growth. The 10th percentile real hourly wage grew 9.0% over the three-year period.",-10,1742825580.0
1jioony,BUY EVERYTHING,mjmjr8l,Born-Interaction3,Lies.. The American and Israeli army do NOT drive Toyotas,-1,1742894002.0
1jgzmbg,Tax accountants going through 800 pages of trading activity just to see $2.32 of capital gains for their client,mj3fshe,Greenpeppers23,I purposely lose at least 3k yearly in trading to have a write off. I know genius,4896,1742615954.0
1jgzmbg,Tax accountants going through 800 pages of trading activity just to see $2.32 of capital gains for their client,mj3fog9,brunk_,"Todd I just paid you man, please get off Reddit and stop making posts about me.",1306,1742615904.0
1jgzmbg,Tax accountants going through 800 pages of trading activity just to see $2.32 of capital gains for their client,mj3itej,RememberTooSmile,"you guys are making gains?

https://preview.redd.it/8opnaj9246qe1.jpeg?width=730&format=pjpg&auto=webp&s=c6b318decfb105ff62004ce7edc8853c22c47dfe",632,1742617349.0
1jgzmbg,Tax accountants going through 800 pages of trading activity just to see $2.32 of capital gains for their client,mj3dh69,ThroatPlastic6886,wtf is a capital gain?¬†,1817,1742614940.0
1jgzmbg,Tax accountants going through 800 pages of trading activity just to see $2.32 of capital gains for their client,mj3dhr2,f0xinaround,Would love to hear from all the tax accountants out there who actually have to do this lol,386,1742614947.0
1jgzmbg,Tax accountants going through 800 pages of trading activity just to see $2.32 of capital gains for their client,mj3j16i,-Reggie-Dunlop-,Is the capital gain in the room with you right now?,147,1742617454.0
1jgzmbg,Tax accountants going through 800 pages of trading activity just to see $2.32 of capital gains for their client,mj3jrhf,Tangentkoala,"Lmao, trust us, we don't do that. 


We literally just plug in the 1099 tax form code that's printed out by robinhood/e trade. 

We do laugh at the loss porn that you guys have in 1 year.",126,1742617807.0
1jgzmbg,Tax accountants going through 800 pages of trading activity just to see $2.32 of capital gains for their client,mj3gk78,chicken_tenders99998,Shit comes naturally,1054,1742616304.0
1jgzmbg,Tax accountants going through 800 pages of trading activity just to see $2.32 of capital gains for their client,mj3tp75,exposed_anus,Infinite money glitch,104,1742623253.0
1jgzmbg,Tax accountants going through 800 pages of trading activity just to see $2.32 of capital gains for their client,mj3r8n5,Aniruddha_Panda,"You said you will pay me 10% of your capital gain and I believed you.

Never again.",578,1742621802.0
1jgzmbg,Tax accountants going through 800 pages of trading activity just to see $2.32 of capital gains for their client,mj3e94i,baby-shart,It‚Äôs one of the knobs on your graphic equaliser next to bass and treble.,736,1742615271.0
1jgzmbg,Tax accountants going through 800 pages of trading activity just to see $2.32 of capital gains for their client,mj3gjtr,fitnessfinance88,"Anything more than 5-10 transactions in a Schedule D we'll usually just extract the pages as a PDF, attach it to the return using the software and just enter the summarized gains of short-term, long-term categories. 90% of the time people lose money and especially if it's short-term.",272,1742616300.0
1jgzmbg,Tax accountants going through 800 pages of trading activity just to see $2.32 of capital gains for their client,mj3e6le,one_dayatatime,It‚Äôs summarized usually on the 3rd or 4th page.,230,1742615240.0
1jgzmbg,Tax accountants going through 800 pages of trading activity just to see $2.32 of capital gains for their client,mj3yo7m,DevBro22,At least for me it does lmao,173,1742626383.0
1jgzmbg,Tax accountants going through 800 pages of trading activity just to see $2.32 of capital gains for their client,mj65mco,DustyBowls,Well I don't think Trump would call it an account in his case. It's more of a career.,-1,1742662410.0
1jgzmbg,Tax accountants going through 800 pages of trading activity just to see $2.32 of capital gains for their client,mj3uctk,Moister_Rodgers,"Singular ""gain"" should've tipped you off",171,1742623655.0
1jgzmbg,Tax accountants going through 800 pages of trading activity just to see $2.32 of capital gains for their client,mj3gppj,nothingclever9873,"And it goes from +11 to -11,000",193,1742616374.0
1jgzmbg,Tax accountants going through 800 pages of trading activity just to see $2.32 of capital gains for their client,mj4uqrc,NoTransportation888,"Same here, anything more than 5-10 and I attach it lol. As a fellow degen I do love when a 200 page 1099 hits my desk though.

Usually, if it's someone with 100+ pages you get like 5-6 of them from different brokerages as well lmao",110,1742646057.0
1jgzmbg,Tax accountants going through 800 pages of trading activity just to see $2.32 of capital gains for their client,mj3eg7v,ItsSevii,Still gotta enter em all manually at least in turbo tax,-68,1742615357.0
1jgzmbg,Tax accountants going through 800 pages of trading activity just to see $2.32 of capital gains for their client,mj3esc0,culdeus,Turbo tax 1998 maybe,140,1742615506.0
1jpyz81,You know your calls are cooked when the board comes out,ml34avn,LucidMarshmellow,He also said a minimum of 10% on all that are not on the list.,8819,1743626033.0
1jpyz81,You know your calls are cooked when the board comes out,ml33z46,tbiol,I‚Äôm just wondering who picked that board up from OfficeMax,3858,1743625940.0
1jpyz81,You know your calls are cooked when the board comes out,ml35d8x,fledermaus23,It's a beautiful board. People are saying that it is the best board ever.,11386,1743626331.0
1jpyz81,You know your calls are cooked when the board comes out,ml34jsf,Unusual_Midnight_243,bro crashed the market by holding up a printed Excel table,13343,1743626103.0
1jpyz81,You know your calls are cooked when the board comes out,ml388mk,xxqr,I always thought Cambodians got off to easy. Glad to see someone finally stand up to those damn bullies.,4490,1743627126.0
1jpyz81,You know your calls are cooked when the board comes out,ml35jfh,legumeappreciator,fighting a trade war against Cambodia ü§°ü§°ü§°,4805,1743626379.0
1jpyz81,You know your calls are cooked when the board comes out,ml37cxt,Bowser64_,Nintendo just announced 90$ Mario and Luigi games. So trump counters with 131.40$ Mario and dead Luigi games.,3007,1743626885.0
1jpyz81,You know your calls are cooked when the board comes out,ml352ua,tees_printandapparel,"https://preview.redd.it/ebzuf4h1ghse1.jpeg?width=1170&format=pjpg&auto=webp&s=5c916f1b983455241724404bbdb81b475437b6c9

üò≠",3811,1743626251.0
1jpyz81,You know your calls are cooked when the board comes out,ml340xp,VanDenH,"Taiwan 32% lmao, American tech prices about to be through the roof",8943,1743625955.0
1jpyz81,You know your calls are cooked when the board comes out,ml33vm8,takeitsleazy316,"Perfect meme template. Degens, start photoshoppin",1716,1743625913.0
1jpyz81,You know your calls are cooked when the board comes out,ml35krp,FrankCarmody,https://preview.redd.it/bf65l7jgghse1.jpeg?width=1125&format=pjpg&auto=webp&s=dae4142dd86ae94978a1844bd43e4270463b5ec7,1902,1743626390.0
1jpyz81,You know your calls are cooked when the board comes out,ml3434g,JeanJauresJr,I can‚Äôt wait to work at the assembly line for minimum wage!,3113,1743625972.0
1jpyz81,You know your calls are cooked when the board comes out,ml3650w,Staretrek,"Better not buy anything from now on. Grow your own vegetables, raise a few hens and live a self sustained life. üòÖ",589,1743626547.0
1jpyz81,You know your calls are cooked when the board comes out,ml34qcg,purplenapalm,"Is 34% on China in addition to the 40%. Fuck.

Edit, I meant to add a question mark after 40%. This wasn't meant to be a statement. I have no idea what the actual tariff is now. I don't think anyone does!",2222,1743626154.0
1jpyz81,You know your calls are cooked when the board comes out,ml349um,LighteningOneIN,https://preview.redd.it/y10s95qcfhse1.jpeg?width=1200&format=pjpg&auto=webp&s=2a3a0cfec00551518aedf8372ad74cfeb2b17753,1291,1743626025.0
1jpyz81,You know your calls are cooked when the board comes out,ml378g6,TurielD,"Holy shit I laughed *so hard*

I was primed from him saying India had 70% or whatever, it was clear he was gonna go bananas.

This is truely going to wreck *everything*. My puts couldn't be happier.",404,1743626850.0
1jpyz81,You know your calls are cooked when the board comes out,ml374ys,jpm_1988,Ahahah SPY tanked as soon as the board was shown lol amazing,195,1743626823.0
1jpyz81,You know your calls are cooked when the board comes out,ml33vyl,robtai,I cant read but i know we are winning Biglyy,336,1743625916.0
1jpyz81,You know your calls are cooked when the board comes out,ml33v40,,[removed],929,1743625909.0
1jpyz81,You know your calls are cooked when the board comes out,ml356ss,,[removed],774,1743626282.0
1jpyz81,You know your calls are cooked when the board comes out,ml3o7c6,mr_crisby,https://preview.redd.it/eleglyk1xhse1.png?width=1600&format=png&auto=webp&s=8480aab4ae3162ec13d3b5bf3779b0669b0c2ab8,162,1743631971.0
1jpyz81,You know your calls are cooked when the board comes out,ml3dvt5,,[removed],332,1743628781.0
1jpyz81,You know your calls are cooked when the board comes out,ml360l5,Cool_Fly_2870,What did Wharton business school teach this clown?,583,1743626512.0
1jpyz81,You know your calls are cooked when the board comes out,ml35d7x,RealAmbassador4081,Minimum 10% on everything. This will be a shitshow.¬†,153,1743626331.0
1jpyz81,You know your calls are cooked when the board comes out,ml35if6,ChaseballBat,"-2.25% after hours....

Holy shit... I'm guessing the market assuming a 25% max tarrif amount. Maybe they are also afraid he'll jack them up to 100% reciprocal match. Plenty of room for more tarrifs...",504,1743626371.0
1jpyz81,You know your calls are cooked when the board comes out,ml37f70,vilified-moderate,seriously what order is that in? its a physical example of this administrations complete chaos.,139,1743626902.0
1jpyz81,You know your calls are cooked when the board comes out,ml34qju,,[removed],830,1743626155.0
1jpyz81,You know your calls are cooked when the board comes out,ml350pr,alderson710,He mentioned Nvidia lol![img](emote|t5_2th52|4271),263,1743626234.0
1jpyz81,You know your calls are cooked when the board comes out,ml36jvw,Tcarruth6,I'm fairly sure Trump still doesn't know what 'Tariff' means,247,1743626662.0
1jpyz81,You know your calls are cooked when the board comes out,ml34tq3,HartverlorenindeUB,Every American just lost like 5% to 10% of purchasing power right?,1181,1743626180.0
1jpyz81,You know your calls are cooked when the board comes out,ml36efx,0Runrunrun0,These are taxes. He is raising taxes. You are paying more for everything.,589,1743626619.0
1jpyz81,You know your calls are cooked when the board comes out,ml33upm,hoozy123,what the fuk does any of this mean,793,1743625907.0
1jpyz81,You know your calls are cooked when the board comes out,ml34s3y,OratioFidelis,Is this the largest tax increase in human history?,711,1743626167.0
1jpyz81,You know your calls are cooked when the board comes out,ml3434q,penishomunculus,"Trump just threw a hat into a crowd


Government surplus confirmed",343,1743625972.0
1jpyz81,You know your calls are cooked when the board comes out,ml33qvl,lolimdivine,"tariffs worked in the 1880s because we were not a consumer economy. mega regarded

*many have correctly pointed out that tariffs did not work then. we had multiple recessions. i guess by work i mean not crash the economy and lose allies for little to no gain. back then it at least made sense when we weren‚Äôt a world power",967,1743625878.0
1jpyz81,You know your calls are cooked when the board comes out,ml33ug7,RetrieverDoggo,Vietnam LOL. China got double bonked. A lot of Chinese factories moved to Vietnam because of the tariffs (from Trump 1.0). now they screwed again LOL.,812,1743625905.0
1jpyz81,You know your calls are cooked when the board comes out,ml350et,momarortotinon,Wait what if he is actually demented,292,1743626232.0
1jpyz81,You know your calls are cooked when the board comes out,ml35ryv,Staretrek,"Cambodia is 97%! That's crazyüòÇ

The thing is that even if the markets rise and all of us make a sh*tload of gains, we will be using those gains to pay for all the super inflated prices on everyday goods.",151,1743626447.0
1jpyz81,You know your calls are cooked when the board comes out,ml35q9c,kpop_stan_,Bring Joe back LMAO.,914,1743626432.0
1jpyz81,You know your calls are cooked when the board comes out,ml34zjz,DistrictLittle6828,WTF is wrong with this guy?,208,1743626225.0
1jpyz81,You know your calls are cooked when the board comes out,ml3fyu5,hyper_plane,Do people realise the numbers of other countries‚Äô tariffs are made up? Switzerland doesn‚Äôt charge 61% tariffs. This is insane.,146,1743629406.0
1jpyz81,You know your calls are cooked when the board comes out,ml36bhz,Crimthebold,It was pretty green until he busted out the chart üò¨,141,1743626597.0
1jpyz81,You know your calls are cooked when the board comes out,ml353nj,nan1961,He‚Äôs just so stupid,379,1743626258.0
1jpyz81,You know your calls are cooked when the board comes out,ml34c6c,BolsonaroPresoAmanha,HAHAHAHAHAHAHAHAHA america is so fucked,565,1743626043.0
1jpyz81,You know your calls are cooked when the board comes out,ml346ni,mpoozd,"RIP bull market

https://preview.redd.it/1pflze3dfhse1.jpeg?width=1100&format=pjpg&auto=webp&s=ca7b1393b76981c9c4a7c6bf572efc7d73eb0a90",259,1743626000.0
1jpyz81,You know your calls are cooked when the board comes out,ml35au6,Mosesofdunkirk,"What if the whole world puts tariffs on digital products, Trump just doesn‚Äôt understand that the deficit in trade is actually on the rest of the world since they import tech. Who the fuck cares about tariffs on beer cans, real money is in Software. Europe is giving 108bil deficit on software. 

The whole world runs on american software lol.",279,1743626313.0
1jpyz81,You know your calls are cooked when the board comes out,ml3a5op,dpalmer09,He's such a cunt,119,1743627676.0
1jpyz81,You know your calls are cooked when the board comes out,ml39si8,Tcarruth6,"I just walked down the aisle in my local Canadian superstore - all the American products have been sorted through by customers and placed upside down. There is no one in the 24 hour mcdonalds or starbucks. We don't need tariffs, the moment they threatened to annex us, we just aint buying any American stuff full stop!",151,1743627570.0
1jpyz81,You know your calls are cooked when the board comes out,ml3g2t4,Desperate-Shine3969,I genuinely dont think that an intelligent person could have voted for Trump,108,1743629439.0
1jpyz81,You know your calls are cooked when the board comes out,ml34kj5,,[removed],264,1743626108.0
1jpyz81,You know your calls are cooked when the board comes out,ml35wjk,heytherepartner5050,32% on Taiwan?!?! Taiwan about to be ROLLING in silicon dollars,116,1743626481.0
1jpyz81,You know your calls are cooked when the board comes out,ml3io3m,Brazilian-options,"There is no consumer market that can replace the American one.

The consequence of these tariffs is obvious: the reduction of the tariffs that the affected countries have already imposed against the U.S.

Who will Europe sell to?

Who will China sell to?",-4,1743630233.0
1jpyz81,You know your calls are cooked when the board comes out,ml396of,Daredevil5422,"Honestly, who didn't see this coming? It's about half of what other countries are charging which is better than expected",-3,1743627396.0
1jpyz81,You know your calls are cooked when the board comes out,ml3d4ai,NetFu,"You know, I have to admit, the way they handled this was actually smart.

It advertises to the world exactly which countries were already levying what tariffs on American imports and that these new tariffs are simply in response to those, except they are half of what these countries are already charging. Don't just make fun of Trump's presentation, READ IT.

I mean, anybody who argues that this is a bad idea, assuming Team Trump implements these tariffs exactly as presented, is obviously just blindly anti-Trump. Any country responding to these tariffs that is on that list better have a good explanation for why they are increasing their own tariffs. I look forward to the scrambling for explanations.

My wife is Vietnamese, but Viet Nam tariffs American imports by 90%? If that is true, then fuck them, 45% tariffs on Vietnamese imports into this country are justified.

Of course, all of this is dependent on the idea that the information Trump is presenting us isn't a completely massive lie.",-33,1743628552.0
1jpyz81,You know your calls are cooked when the board comes out,ml3d13c,Tebundo,"People actually think it's cool our Allies and Partners rip us. Absolute morons who think Tariffs are a bad thing for the USA. 

Ask not what your Country can do for YOU, Ask what YOU can do for your Country. \~JFK",-22,1743628525.0
1jpyz81,You know your calls are cooked when the board comes out,ml371nw,Garythegr81,"You mean we‚Äôre charging people what they charge us,  unbelievable!!!",-42,1743626797.0
1jpyz81,You know your calls are cooked when the board comes out,ml3ea5t,NoSober__SoberZone,"About time, if they want to put tariffs on US products, tariff them right back. The US isn‚Äôt the world‚Äôs piggy bank. Open up your markets, and we‚Äôll open ours",-14,1743628901.0
1jpyz81,You know your calls are cooked when the board comes out,ml3g3bm,Zealousideal_Eye901,I feel like the majority don‚Äôt understand how to read this chart. It shows that we pay way more tariffs on their goods than they do on our ours. So he is increasing tariffs to make things even.,-22,1743629444.0
1jpyz81,You know your calls are cooked when the board comes out,ml35uib,jroopwk,I like how everyone in this comment sections is fine with other countries charging us tariffs but if we do its bad. Things have to get bad before things get good.,-58,1743626466.0
1jpyz81,You know your calls are cooked when the board comes out,ml51vzo,Additional_City5392,What‚Äôs really crazy is how much other countries charge us and nobody cares,-3,1743649375.0
1jpyz81,You know your calls are cooked when the board comes out,ml3p8z2,TheGrizz22,"If tariffs are economically bad for the country charging them, then why are so many countries making the so called ""economic mistake"" of charging tariffs on our goods?  Seems to me like we (U.S.A) have been getting the shaft on these deals for a long, long time.  It's about time somebody stood up for our country, especially our manufacturing sector.",-9,1743632309.0
1jpyz81,You know your calls are cooked when the board comes out,ml3j4rl,Strng_Satisfaction,"This crazy list also leads to scenarios where no one knows what exactly is the number, so you just bribe a customs official and be done with it. And since they kinda legalized bribery of officials, I think that's the likely outcome. This is what often happens in countries like India, Brazil and so on.",-1,1743630377.0
1jpyz81,You know your calls are cooked when the board comes out,ml41fpu,El_Buen0,I enjoy seeing all you redditards lose your fkn minds.  ![img](emote|t5_2th52|4271),-3,1743636343.0
1jpyz81,You know your calls are cooked when the board comes out,ml3kv7z,MightyOleAmerika,They need to tarrif on outsourcing programmers. Please daddy trump.,-2,1743630907.0
1jpyz81,You know your calls are cooked when the board comes out,ml35f9g,Independent-Bag-6222,"Absolutely LOVE IT!!!  
Just fucking trade the SOXS and make money ALL DAY LONG.  OR short tech/superconductor stocks.  There are plenty of ways to make money in this market right now, just figure it out.  
IDK, I see so many people crying and I'm over here making money...lol  
Sorry, but if you're trading shit long term during these crazy volatile market times, you're just setting yourself up for disaster and heartache.",-30,1743626347.0
1jpyz81,You know your calls are cooked when the board comes out,ml3i9sw,Lumpy-Valuable-8050,https://preview.redd.it/nirzw9hirhse1.png?width=601&format=png&auto=webp&s=35099b8758174a5d5be67febf4a00ba4be49f360,-3,1743630109.0
1jpyz81,You know your calls are cooked when the board comes out,ml3qb7g,crogonint,"18,000 morons, can't read a chart, but are all excel spreadsheet experts. üôÑ",-4,1743632657.0
1jpyz81,You know your calls are cooked when the board comes out,ml3893d,vilified-moderate,yet some are listed at baseline 10% so why include them?.. they printed this like 2 hours ago,3861,1743627130.0
1jpyz81,You know your calls are cooked when the board comes out,ml37rbd,Conglossian,Probably someone that insider traded off it lol,930,1743626993.0
1jpyz81,You know your calls are cooked when the board comes out,ml36q0b,Master-Stratocaster,Yuge,1815,1743626709.0
1jpyz81,You know your calls are cooked when the board comes out,ml381uu,JoeyTropical4693,Nobody knows more about boards than me. It‚Äôs amazing,421,1743627074.0
1jpyz81,You know your calls are cooked when the board comes out,ml3ct61,Rattlesnake_Mullet,"They've never seen anything like it. Other people, they have small boards. But this is a beautiful board. People like it, and we are going to win. We are going to win big, with a board like that.",229,1743628460.0
1jpyz81,You know your calls are cooked when the board comes out,ml34uhc,Extension_Tap_5871,I don‚Äôt think that man has worked with excel a day in his life,3042,1743626186.0
1jpyz81,You know your calls are cooked when the board comes out,ml38f0y,Vargau,The amount of memes this image is going to pull ‚Ä¶ especially with chatgpt,328,1743627177.0
1jpyz81,You know your calls are cooked when the board comes out,ml37n6g,vilified-moderate,excel would at least allow you to put it in some damn order,191,1743626963.0
1jpyz81,You know your calls are cooked when the board comes out,ml3b8mf,Hot_Egg5840,Didn't the market close higher?,-6,1743627994.0
1jpyz81,You know your calls are cooked when the board comes out,ml3bhwr,ArtVandelay2025,So what would you guys do different?,-8,1743628070.0
1jpyz81,You know your calls are cooked when the board comes out,ml3kj8q,alwaysneverjoshin,Why the fuck is Australia getting a tariff. The US has a trade surplus with the Aussies!,1568,1743630804.0
1jpyz81,You know your calls are cooked when the board comes out,ml396pp,Helios___Selene,"Love how he said about Cambodians, ‚Äòthey are getting rich from us, not anymore.‚Äô

Cambodia is like poorest 10% countries.¬†",3247,1743627396.0
1jpyz81,You know your calls are cooked when the board comes out,ml37sf0,Lonely-Contract4213,and MADAGASCAR,167,1743627002.0
1jpyz81,You know your calls are cooked when the board comes out,ml3at65,3suamsuaw,Mario will pay the tariffs acktually,693,1743627867.0
1jpyz81,You know your calls are cooked when the board comes out,ml3ovev,DillonMeSoftly,"You joke but when they start coming for the vidya, the red pilled tech bros are gonna fucking lose it",118,1743632187.0
1jpyz81,You know your calls are cooked when the board comes out,ml3cdp4,gloomyglooom,https://preview.redd.it/5xu7ci88mhse1.jpeg?width=1289&format=pjpg&auto=webp&s=94cc1ee903111a616add58173658d6c060bab8d6,5067,1743628332.0
1jpyz81,You know your calls are cooked when the board comes out,ml39nlu,Shot-Maximum-,It's like a shitcoin rugpull chart,1131,1743627532.0
1jpyz81,You know your calls are cooked when the board comes out,ml3asdk,LighteningOneIN,"https://preview.redd.it/tok614xtkhse1.jpeg?width=640&format=pjpg&auto=webp&s=644d3764170ee719ffcc8ed46c00f1edcee3e3f7

 ![img](emote|t5_2th52|4260)",1082,1743627861.0
1jpyz81,You know your calls are cooked when the board comes out,ml3aozn,wayzata20,"Oh no, a whole percentage point!!!",-16,1743627833.0
1jpyz81,You know your calls are cooked when the board comes out,ml3b2zi,puffy_boi12,oh my god a 1.56% drop?! Cancel christmas!,-17,1743627948.0
1jpyz81,You know your calls are cooked when the board comes out,ml3rkvu,nickster701,A 1 day graph hardly represents anything,-2,1743633073.0
1jpyz81,You know your calls are cooked when the board comes out,ml357qw,Strong_Brick_9703,"New PC is gonna cost like a used car, lmao",2884,1743626289.0
1jpyz81,You know your calls are cooked when the board comes out,ml34myc,lolimdivine,china and vietnam are high too. literally everything is about to be expensive. i wish we could see mexico,1582,1743626127.0
1jpyz81,You know your calls are cooked when the board comes out,ml36e1d,jkvincent,We are being liberated from our economy of cheap commodities. Can't you smell the freedom?,304,1743626616.0
1jpyz81,You know your calls are cooked when the board comes out,ml35nhb,Old-Store-7351,"Damn, everything's computer",290,1743626410.0
1jpyz81,You know your calls are cooked when the board comes out,ml352jv,ImBeingVerySarcastic,"Why would prices go up? According to Navarro, tariffs are actually tax cuts! And foreign countries are gonna pay it! So whenever you get a customs bill, just forward it to China! Teehee‚Ñ¢ - Average Trump Voter",381,1743626249.0
1jpyz81,You know your calls are cooked when the board comes out,ml3h5jf,ABC_Family,"Not a single comment on tariffs being charged to the U.S., interesting. Why is Taiwan imposing 62% on the U.S.?",-1,1743629766.0
1jpyz81,You know your calls are cooked when the board comes out,ml3ahtj,Aj_bary,"They can only go as high as consumers will pay. They make crazy margins on these already, so it‚Äôs unlikely they will pass the full 32% along because the sales would crash to consumers. Prices will go up but only as high as consumers are willing to pay.",-1,1743627774.0
1jpyz81,You know your calls are cooked when the board comes out,ml34mt4,-Tayne-,https://preview.redd.it/m1tc2jxnfhse1.png?width=1038&format=png&auto=webp&s=3f261acc770c661e104b2449e66fad548a3b7bd2,968,1743626126.0
1jpyz81,You know your calls are cooked when the board comes out,ml39c4u,Strong_Brick_9703,https://preview.redd.it/albazffijhse1.png?width=500&format=png&auto=webp&s=eb0bc54f9ab2a0d5bd1976a7943160d01b9ce57b,683,1743627440.0
1jpyz81,You know your calls are cooked when the board comes out,ml39xy7,ATTORNEY_FOR_CATS,"https://preview.redd.it/9acchgz2khse1.png?width=1038&format=png&auto=webp&s=1dde738b8eb5d4fcf22521380ed74ea8cea48549

""Whaw!""",460,1743627614.0
1jpyz81,You know your calls are cooked when the board comes out,ml3a67e,Kierkegaard_Soren,"https://preview.redd.it/lm263eeakhse1.jpeg?width=1536&format=pjpg&auto=webp&s=42414ca7e65072640b7c80c843a99ad3a230e717

OC",1358,1743627680.0
1jpyz81,You know your calls are cooked when the board comes out,ml39p5y,tbiol,"https://preview.redd.it/e3ydmh2tjhse1.png?width=1536&format=png&auto=webp&s=ad3e4ff8db351119b5545a35e7ead666661c83cc

What's photoshop ![img](emote|t5_2th52|4258)",-10,1743627544.0
1jpyz81,You know your calls are cooked when the board comes out,ml3rhrx,dafl1p14,https://preview.redd.it/wbkz0lw80ise1.jpeg?width=500&format=pjpg&auto=webp&s=baab08daf2a92ad194da4dae06e4e314df78fcb1,202,1743633045.0
1jpyz81,You know your calls are cooked when the board comes out,ml38w0x,InevitableResident94,"https://preview.redd.it/0kgr4bw6jhse1.jpeg?width=392&format=pjpg&auto=webp&s=65a628c5a26acba6051f9db44c564bb59e228145

THERE WILL COME A PAY DAY, HALLELUJAH WHAT A PAYDAY",332,1743627310.0
1jpyz81,You know your calls are cooked when the board comes out,ml39v95,Historical-Photo7125,https://preview.redd.it/he2xt6g0khse1.jpeg?width=1200&format=pjpg&auto=webp&s=a265c8966f1f8c89ef0d0fd097792e8f9bef7474,257,1743627593.0
1jpyz81,You know your calls are cooked when the board comes out,ml36cim,Friedchicken2,"https://preview.redd.it/s92s0rznghse1.jpeg?width=807&format=pjpg&auto=webp&s=0508bc9d05fa2aebebbb9b93167211a153cccc82

‚ÄúBrother, making shitty plastic toys for $7.50/hour was always the American dream‚Äù",2295,1743626605.0
1jpyz81,You know your calls are cooked when the board comes out,ml36sat,Drink_noS,Don't worry India and China will have all the tech jobs paying 300k a year while Americans will work at Tesla sweat shops for $7.25 an hour!,676,1743626726.0
1jpyz81,You know your calls are cooked when the board comes out,ml3664t,hella_confidential,"Everyone is getting beautiful, clean coal for Christmas this year!",109,1743626556.0
1jpyz81,You know your calls are cooked when the board comes out,ml3lq7u,justin_ph,More American jobs. Wouldn't that be cool? ü¶Ö ü¶Ö,-2,1743631179.0
1jpyz81,You know your calls are cooked when the board comes out,ml3f0w8,Shrike79,"I live in the suburbs and my neighbor has been raising ducks, chickens, and now goats. I don't even know if it's even legal for him to have all that here but I'm about to go over and ask him how to start my own mini farm in the backyard.",310,1743629123.0
1jpyz81,You know your calls are cooked when the board comes out,ml38fdb,carmolio,"China is at 45%-70% already, depending on the product. Adding 34% to that....",1153,1743627180.0
1jpyz81,You know your calls are cooked when the board comes out,ml37u1e,hunny_bun_24,Really? That‚Äôs crazy. Why,232,1743627014.0
1jpyz81,You know your calls are cooked when the board comes out,ml38hy5,Independent_Nose5374,"Yup, American consumers are cooked, recession on da way.",1023,1743627200.0
1jpyz81,You know your calls are cooked when the board comes out,ml36khm,Coldatahd,Better hurry up and reserve your Wendy dumpster spot it‚Äôs about to get busy back there üòÇ,170,1743626666.0
1jpyz81,You know your calls are cooked when the board comes out,ml34pdk,LighteningOneIN,"https://preview.redd.it/isrnxi8qfhse1.jpeg?width=651&format=pjpg&auto=webp&s=c3f1ffaa1c5929569d108c176d8b65872c4f5469

He'll be like ""Make Markets Crash Again""",282,1743626146.0
1jpyz81,You know your calls are cooked when the board comes out,ml3b7eu,,[removed],384,1743627984.0
1jpyz81,You know your calls are cooked when the board comes out,ml3c7dd,,[removed],204,1743628281.0
1jpyz81,You know your calls are cooked when the board comes out,ml3d4ju,,[removed],-8,1743628554.0
1jpyz81,You know your calls are cooked when the board comes out,ml405go,a_zone_of_danger,The same Wharton that produced this quote? ‚Äú[He] was the dumbest goddam student I ever had.‚Äù,150,1743635915.0
1jpyz81,You know your calls are cooked when the board comes out,ml3fa38,matt_993,"He went to University of Pennsylvania for a bachelors. Never went to Wharton, another lie",-14,1743629201.0
1jpyz81,You know your calls are cooked when the board comes out,ml3c3zi,43user,Looks like market coped for a postponement.,140,1743628254.0
1jpyz81,You know your calls are cooked when the board comes out,ml35rsy,,[removed],1257,1743626446.0
1jpyz81,You know your calls are cooked when the board comes out,ml36cio,,[removed],136,1743626605.0
1jpyz81,You know your calls are cooked when the board comes out,ml373vn,,[removed],210,1743626814.0
1jpyz81,You know your calls are cooked when the board comes out,ml39pip,SecretPrinciple8708,"Short for ‚Äútariffic,‚Äù of course.",143,1743627546.0
1jpyz81,You know your calls are cooked when the board comes out,ml35k66,Browns45750,More than that those jeans from Vietnam are 30 percent more your replacement p5s 20 plus,467,1743626385.0
1jpyz81,You know your calls are cooked when the board comes out,ml35pny,Vandilbg,Minimum,151,1743626427.0
1jpyz81,You know your calls are cooked when the board comes out,ml38wvz,Kaiser3rd,"No, because every single company will move to the US and wont pay tariffs. And it will create lots of jobs. /s",308,1743627316.0
1jpyz81,You know your calls are cooked when the board comes out,ml3dsl5,diamondchimp,"Man if the price goes up double on Pittsburg and Bauer it still gonna be three times as cheap as Snap-on. I'm almost outta toys to buy anyways so it's all small potatoes. All I know is when we build tanks, hummers and APCs for Big Daddy G, we gotta build em out of american steel and we still get to work when they try to shut it all down. Buy ya a good pair of calipers and then ya get to quit worrying about how much stuff costs.",-2,1743628754.0
1jpyz81,You know your calls are cooked when the board comes out,ml37wh0,NecrisRO,"Yeah but this means A LOT of companies will have to open up shop on US soil.

I need a list of development companies, let's say, Caterpillar and other, they might make a lot of money out of this in the upcoming years",-32,1743627033.0
1jpyz81,You know your calls are cooked when the board comes out,ml3fj34,CrossCycling,Conservative republicans celebrating taxes,265,1743629275.0
1jpyz81,You know your calls are cooked when the board comes out,ml4gyma,sbd27,"What even more funny, its a corporate tax hike. Who knew Conservatives would cheer the largest corporate tax hike in history and liberals would moan.",-15,1743641696.0
1jpyz81,You know your calls are cooked when the board comes out,ml346wd,Browns45750,"Means the market is going to be brutal tmrw this is well beyond what Wall Street was expecting, congress needs to grow a pair and block this before a major economic crisis",1718,1743626002.0
1jpyz81,You know your calls are cooked when the board comes out,ml35h20,HoldTillEnd,"Means the pres is showing all the countrys that have had tariffs on the USA before he came into power.  The world tariffs the USA and then has the gall to be offended when we hit back.

The pres isn't cool with the arrangement.",-45,1743626361.0
1jpyz81,You know your calls are cooked when the board comes out,ml35uil,Frosti11icus,Pretty sure the Egyptians tax on haybricks against the Hebrews was more.,376,1743626466.0
1jpyz81,You know your calls are cooked when the board comes out,ml37o0y,Safe_Manner_1879,For a modern economy yes.,105,1743626969.0
1jpyz81,You know your calls are cooked when the board comes out,ml34v67,Bongressman,"""I love Teslerr!""",347,1743626191.0
1jpyz81,You know your calls are cooked when the board comes out,ml34dot,firstandlast0202,\*Maga,205,1743626055.0
1jpyz81,You know your calls are cooked when the board comes out,ml36tbl,bonechairappletea,"I think the idea is to stop being a consumer economy! Or do you want to keep consuming what China puts in front of you after they take the South China Sea and 90% of the worlds advanced silicon production? Because then, they own *everything.*¬†


It's a shitty place to be right now, but we are reaping what's been sowed since the 70's.¬†


We all know the Allies won WW2 because of American industrial prowess. Now, China has half the entire worlds shipbuilding capacity. China IS the US circa 1945, and the US is the Europe that was fat on merchantile wealth, exporting all its industry to the colonies and living in service economies.¬†


The parallels are all there. Xi has clearly stated since 2012 his plan, and followed through on every step- the next one is reunification with Taiwan barely 2 years away. If you all act surprised when 300 Chinese warships blockade the island then it's simply because your heads are buried in partisan coloured political distraction sand.¬†",-17,1743626733.0
1jpyz81,You know your calls are cooked when the board comes out,ml353o7,Dc81FR,They are reciprocal you understand what that is genius,-20,1743626258.0
1jpyz81,You know your calls are cooked when the board comes out,ml356kq,BiglyStreetBets,"America always beats China! Mr President, I‚Äôm so tired of all this winning! Please, mr President, stop all this winning! It‚Äôs too much!",391,1743626280.0
1jpyz81,You know your calls are cooked when the board comes out,ml36w0c,Playboi_Jones_Sr,Why does Vietnam tariff US goods at 90%?,-2,1743626754.0
1jpyz81,You know your calls are cooked when the board comes out,ml3b2k0,endo489,At least sleepy Joe didn't rawdog the economy,531,1743627944.0
1jpyz81,You know your calls are cooked when the board comes out,ml3eg4w,-_-0_0-_0,"https://preview.redd.it/ja8n1342ohse1.jpeg?width=750&format=pjpg&auto=webp&s=551722a42ec34cf42f3e7a579455947ffd309088

$20 is $20..",152,1743628951.0
1jpyz81,You know your calls are cooked when the board comes out,ml61iw3,ghj97,bring back the disease the medicine tastes bad,-2,1743668179.0
1jpyz81,You know your calls are cooked when the board comes out,ml39ya0,mujadaddy,Neurosyphilis,114,1743627617.0
1jpyz81,You know your calls are cooked when the board comes out,ml362sy,UnpricedToaster,Painfully stupid.,106,1743626530.0
1jpyz81,You know your calls are cooked when the board comes out,ml4vby3,I_Buy_Stock,"are you suggesting when tariffs on us happen by other countries it is a good thing for them, but when we do it back it is a bad thing for us? so do tariffs help or hurt?",-1,1743646823.0
1jpyz81,You know your calls are cooked when the board comes out,ml3an5r,Aggravating-Try-5155,To siphon all of the money into a sovereign crypto fund. Crash the economy and buy companies as they declare bankruptcy with the wealth fund.,147,1743627818.0
1jpyz81,You know your calls are cooked when the board comes out,ml39h1v,Visible-Plankton-806,Selling off the country to billionaires at a very low cost.,107,1743627479.0
1jpyz81,You know your calls are cooked when the board comes out,ml3d2zm,AllWhatsBest,"On the quick..

https://preview.redd.it/k1g4gwkumhse1.png?width=1080&format=png&auto=webp&s=b175f568d5547be710ae740c051359878c2a8b4d",114,1743628541.0
1jpyz81,You know your calls are cooked when the board comes out,ml36105,,[removed],130,1743626516.0
1jpyz81,You know your calls are cooked when the board comes out,ml3pqc8,yamete-kudasai,Sanctioned,-4,1743632467.0
1jpyz81,You know your calls are cooked when the board comes out,ml36ilq,Sugarman4,Future American land??,-4,1743626652.0
1jpyz81,You know your calls are cooked when the board comes out,ml3shcs,General-kind-mind,Until he changes them next week,-1,1743633372.0
1jpyz81,You know your calls are cooked when the board comes out,ml38j6r,flexbuffstrong,My wife and I make about 5x that and just called off $70k in work we wanted to do on the house this summer. No clue what input costs are going to look like.,-2,1743627209.0
1jpyz81,You know your calls are cooked when the board comes out,ml38ms7,LucidMarshmellow,"It's like they pulled the numbers out of a hat. 

This is going to be historically mocked.",4132,1743627237.0
1jpyz81,You know your calls are cooked when the board comes out,ml3e2tz,akwakwak-ichooseU,What a beautiful board. When i came in here i saw it and i said wow what a beautiful board.,849,1743628839.0
1jpyz81,You know your calls are cooked when the board comes out,ml38c4w,DMineminem,"According to Epstein, Mr. ""Art of the Deal"" had no idea how to read a balance sheet. Seems particularly relevant with the non-stop moaning about trade deficits.",786,1743627155.0
1jpyz81,You know your calls are cooked when the board comes out,ml36c1f,,[removed],326,1743626601.0
1jpyz81,You know your calls are cooked when the board comes out,ml3m92u,Average650,None of this is intended to make sense.,1663,1743631346.0
1jpyz81,You know your calls are cooked when the board comes out,ml3e91i,buttercup612,American children can sew all those shoes together. Why should cambodian kids have all the fun?,653,1743628891.0
1jpyz81,You know your calls are cooked when the board comes out,ml3cb1u,scrotalsac69,He sees their standard of living as a target for most Americans,865,1743628311.0
1jpyz81,You know your calls are cooked when the board comes out,ml3fvja,Ecknarf,"As if Cambodia hasn't been hard done by enough by the USA historically.. üíÄ

The USA is so incredibly unlikable under Trump.",368,1743629378.0
1jpyz81,You know your calls are cooked when the board comes out,ml3owno,windowhihi,And what is Luigi going to do?,103,1743632198.0
1jpyz81,You know your calls are cooked when the board comes out,ml3hl0e,larry_flarry,https://preview.redd.it/fn0hod1wqhse1.jpeg?width=826&format=pjpg&auto=webp&s=39de3b9416cd6db5305fa40177768be7a704b0b1,1196,1743629898.0
1jpyz81,You know your calls are cooked when the board comes out,ml3krg2,Ok_Two8652,https://preview.redd.it/y4lxfe4sthse1.png?width=640&format=png&auto=webp&s=9b105cf559035c87dbace44e881b67a0b3e8e792,305,1743630875.0
1jpyz81,You know your calls are cooked when the board comes out,ml3i2zv,here_is_no_end,https://preview.redd.it/x5f7d5jcrhse1.jpeg?width=1320&format=pjpg&auto=webp&s=16ecdccb776c8a46ca7aa4a4eef4717a558793d8,1107,1743630052.0
1jpyz81,You know your calls are cooked when the board comes out,ml3d6qm,SilanggubanRedditor,"He did run Shitcoins, he has the experience",151,1743628572.0
1jpyz81,You know your calls are cooked when the board comes out,ml37w0t,dudeAwEsome101,New car is gonna cost like a house.,1369,1743627029.0
1jpyz81,You know your calls are cooked when the board comes out,ml3bekf,Wonko-D-Sane,"Er... a proper computer has been about $10K for nearly a decade.

Of course most don't need a proper computer, just an Arm with a screen to stare at porn, but to actually do something useful, they've been pretty pricey.",-8,1743628042.0
1jpyz81,You know your calls are cooked when the board comes out,ml375w4,ambermage,"https://preview.redd.it/voyz9urrhhse1.jpeg?width=1438&format=pjpg&auto=webp&s=a0a25d495e99842e9c0ceb5fe12f1d1e7e3114b8

This is what it would look like in Mexico",3729,1743626830.0
1jpyz81,You know your calls are cooked when the board comes out,ml35b8d,Moifaso,"The industrious American people had been yearning for more shoe and t-shirt jobs, and by God they will have them.",930,1743626316.0
1jpyz81,You know your calls are cooked when the board comes out,ml35p6u,BartD_,This will make egg prices seem low,194,1743626424.0
1jpyz81,You know your calls are cooked when the board comes out,ml35koj,platinumarks,"Japan's 24%, which isn't particularly low either",123,1743626389.0
1jpyz81,You know your calls are cooked when the board comes out,ml35vf4,AHive1312,Too many syllables for the average trump voter.,107,1743626473.0
1jpyz81,You know your calls are cooked when the board comes out,ml4brxx,NotAPirateLawyer,"Because if these bots could read right now, they'd be very angry.  You're 100% right, of course.  The rest of the world has been imposing tariffs on the U.S. for decades, while any discussion of returning the favor is met with absolute sobbing meltdowns of which this thread is only but a teaser.",-4,1743639878.0
1jpyz81,You know your calls are cooked when the board comes out,ml37qok,Zaorish9,ENHANCE!,232,1743626989.0
1jpyz81,You know your calls are cooked when the board comes out,ml3cshz,Terrat0,"Why is the Cheesecake Factory menu ai generated, ‚Äúcheeserake and specialty desserts‚Äù indeed.",157,1743628455.0
1jpyz81,You know your calls are cooked when the board comes out,ml37jrf,WellSpreadMustard,"Those jobs are for ai and robots, we‚Äôll be in the mines",555,1743626938.0
1jpyz81,You know your calls are cooked when the board comes out,ml39l7u,LighteningOneIN,https://preview.redd.it/j975rclrjhse1.jpeg?width=645&format=pjpg&auto=webp&s=c5e9cbe6c10d9672b80f3ef2fb89ae7cc4a9adaf,393,1743627512.0
1jpyz81,You know your calls are cooked when the board comes out,ml3ks4z,thisbondisaaarated,"Join him and create a herding cooperative, —Ç–æ–≤–∞—Ä–∏—â.",154,1743630881.0
1jpyz81,You know your calls are cooked when the board comes out,ml3iikt,Kal-Elm,"Is that adding 34% or 34 percentage points? 

Not that it matters, I'm just curious if he's even thought that through.",340,1743630186.0
1jpyz81,You know your calls are cooked when the board comes out,ml3a1cy,Drakar_och_demoner,Who knows at this point.,342,1743627641.0
1jpyz81,You know your calls are cooked when the board comes out,ml3e0sd,TechnologyRemote7331,I honestly think he‚Äôs hoping to rob us blind and be on a plane to Moscow before anyone can stop him.,117,1743628821.0
1jpyz81,You know your calls are cooked when the board comes out,ml3b8yc,drs_ape_brains,Most American consumers still think they don't pay for tariffs,614,1743627996.0
1jpyz81,You know your calls are cooked when the board comes out,ml4ixad,woodworkerForLyfe,Yes consumer stops buying from( pick your country) they stop getting US money and drop their tariffs against US which results in us dropping our rate.   And now we get better export pricing which improves the US long term.  You are so short sightes,-1,1743642390.0
1jpyz81,You know your calls are cooked when the board comes out,ml3o6zw,evi1eye,Silver lining,-1,1743631969.0
1jpyz81,You know your calls are cooked when the board comes out,ml3s6fm,dundiewinnah,Usa is the 70% of the world in the market so doubt,-5,1743633270.0
1jpyz81,You know your calls are cooked when the board comes out,ml35lz5,Strong_Brick_9703,https://preview.redd.it/nvmafsngghse1.png?width=549&format=png&auto=webp&s=aef16a2bde8b5a9f15b342336d5ab3f60414e032,154,1743626399.0
1jpyz81,You know your calls are cooked when the board comes out,ml3c33t,,[removed],-22,1743628247.0
1jpyz81,You know your calls are cooked when the board comes out,ml3g7ow,,[removed],-45,1743629480.0
1jpyz81,You know your calls are cooked when the board comes out,ml3d9bd,,[removed],-30,1743628593.0
1jpyz81,You know your calls are cooked when the board comes out,ml399xt,,[removed],173,1743627422.0
1jpyz81,You know your calls are cooked when the board comes out,ml37s3b,,[removed],141,1743626999.0
1jpyz81,You know your calls are cooked when the board comes out,ml378n5,,[removed],129,1743626852.0
1jpyz81,You know your calls are cooked when the board comes out,ml37hai,,[removed],156,1743626918.0
1jpyz81,You know your calls are cooked when the board comes out,ml39f82,,[removed],101,1743627464.0
1jpyz81,You know your calls are cooked when the board comes out,ml37akc,,[removed],126,1743626866.0
1jpyz81,You know your calls are cooked when the board comes out,ml3ieoj,myfotos,"Starting tomorrow, everything made in USA.  Congrats everyone!",139,1743630153.0
1jpyz81,You know your calls are cooked when the board comes out,ml35cvh,Bongressman,"Congress? Do something? Like... a Coequal branch of government or some shit?

What a weird concept of an idea.",1093,1743626328.0
1jpyz81,You know your calls are cooked when the board comes out,ml392s6,ambermage,"Old people had it too easy.

We will live through *The GREATEST Depression.*

In before people complain about starving and some politician says ""You don't get hungry if you take Ozempic.""",240,1743627364.0
1jpyz81,You know your calls are cooked when the board comes out,ml35s3s,Moifaso,">Means the market is going to be brutal tmrw

You don't get it. Bad news means calls. I'm thinking TSLA +8%",235,1743626448.0
1jpyz81,You know your calls are cooked when the board comes out,ml34zkl,Fit_Independent1899,pretty sure it‚Äôs too late,210,1743626225.0
1jpyz81,You know your calls are cooked when the board comes out,ml36at0,Dirty_slippers,Congress is currently controlled by the more regarded part that only listens to Trumpito. Nothing is getting done.¬†,104,1743626592.0
1jpyz81,You know your calls are cooked when the board comes out,ml36a6p,therealCatnuts,"Tariffs and indeed all negotiations with foreign states is exclusively within the executive branch‚Äôs power. Congress has no say in this, and neither does scotus.¬†",-26,1743626587.0
1jpyz81,You know your calls are cooked when the board comes out,ml37ujv,MikeMill69,Make Egypt Great Again,156,1743627018.0
1jpyz81,You know your calls are cooked when the board comes out,ml35874,fateless115,"""Everything's computer!""",262,1743626293.0
1jpyz81,You know your calls are cooked when the board comes out,ml3dzv1,staunch_character,"China‚Äôs population is collapsing. They will never be a threat. 

They won‚Äôt have enough workers to keep factories going for very long. They already have huge suburbs of empty crumbling housing because the states inflate population numbers to get more funding. The house of cards is falling.",-2,1743628814.0
1jpyz81,You know your calls are cooked when the board comes out,ml3jssw,Insertsociallife,He's called sleepy Joe because we could all sleep at night...,354,1743630580.0
1jpyz81,You know your calls are cooked when the board comes out,ml3ekrx,matt-er-of-fact,Joe was easing it in with a little lube. This is dry fisting.,-31,1743628990.0
1jpyz81,You know your calls are cooked when the board comes out,ml3vk5d,Frequent_Carpenter38,For EU,-6,1743634394.0
1jpyz81,You know your calls are cooked when the board comes out,ml55m13,Mosesofdunkirk,"Yeah keep exploring, that doesnt change the fact that it is almost impossible to immigrate to different cloud serviced if you are hooked in enterprise level",-2,1743650884.0
1jpyz81,You know your calls are cooked when the board comes out,ml3r22j,HammerSmashedHeretic,I'm glad you warded off that propaganda with facts and actual data to back up your claims!,-12,1743632902.0
1jpyz81,You know your calls are cooked when the board comes out,ml3ljty,Resident_Feeling8915,We do. So why are other countries mad that we are paying more?,-4,1743631121.0
1jpyz81,You know your calls are cooked when the board comes out,ml4vrsd,I_Buy_Stock,you mean shit tier slave labor shoes that fall apart within a year?,-3,1743646989.0
1jpyz81,You know your calls are cooked when the board comes out,ml468lt,Tebundo,"Heaven forbid we actually make a little sacrifice for future generations of Americans. Lot's of people only care about themselves and don't even give two sh!ts about the future. Absolute morons like I said.

I don't care to listen to any economist that is politically aligned with one party or the other I want DATA, that is what matters not this fake data numbers the government has been giving out making things seem perfectly fine when it hasn't been for a long time now. You must of all forgot the massive inflation WE ALL ATE going on three years so far. The reason you pay more for EVERYTHING right now is because of the last Administration not because of Orange Man you fools.

The current one has been in power for barely three months for the love of god you absolute morons!!!",-1,1743637952.0
1jpyz81,You know your calls are cooked when the board comes out,ml3ayzc,Garythegr81,Yes it is.,-34,1743627915.0
1jpyz81,You know your calls are cooked when the board comes out,ml3rjei,NoSober__SoberZone,So countries can put tariffs on the US and that‚Äôs ok? But when the US does it back it‚Äôs bad? It‚Äôs setting a fair ground. They want lower tariffs? Lower yours first.,-1,1743633059.0
1jpyz81,You know your calls are cooked when the board comes out,ml3739h,Independent-Bag-6222,"https://preview.redd.it/fhm5yjmphhse1.jpeg?width=1252&format=pjpg&auto=webp&s=154226b65aa91963c7c74b695dbdbe83b3c21fb8

Okay, now what?? ü§∑‚Äç‚ôÇÔ∏èüòÇ  
You opposed to making money or something??  I can do this ALL DAY LONG.",-17,1743626810.0
1jpyz81,You know your calls are cooked when the board comes out,ml3zuqr,classy-ass,That‚Äôs probably Elon trolling you guys so he can laugh at your meltdowns. Actually ü§£,-1,1743635814.0
1jpyz81,You know your calls are cooked when the board comes out,ml3a9h6,CatoChateau,The history books about this decade will be THICCCC,2139,1743627707.0
1jpyz81,You know your calls are cooked when the board comes out,ml3h043,Lunar_denizen,People were telling me they love this board its the best they have ever‚Ä¶the tariffs the tariffs they are gonna protect the workers the workers and ill tell you I‚Äôve talked to so many of them and they all say thank you for making it great again and it will be great again because this board shows the numbers more than sleepy Joe did‚Ä¶he didn‚Äôt even have a board like this because the fake news wouldn‚Äôt show you,520,1743629721.0
1jpyz81,You know your calls are cooked when the board comes out,ml3dx50,ScoreNo4085,"I‚Äôm not pro or against or from the USA. And just usually come to see the general sentiment of people. But have t you find very curious regarding of which side of politics anyone is. That somehow, no matter any achievement a human has, good bard or whatever. Like in this case that guy became a billionaire, then a president, twice, and still get a truckload of people who probably didn‚Äôt achieve much in life thinking and feeling they somehow are smarter? Maybe they are maybe they aren‚Äôt but still‚Ä¶ make it sound like the other person achieved whatever they did by sitting there and doing nothing (I don‚Äôt personally like that man on some of the stuff he says or does) but is very very funny to see people on social media bashing anything they don‚Äôt like.  that‚Äôs why I always say, do whatever you are set to do, try to do no harm to others but just do whatever you want to do because no matter what you do in life you‚Äôll might end having a bunch of people talking   Bad about you. üòÇ

If another person would be the President. Another subset of people would be also doing exactly the same. üòÇüòÇüòÇüòÇ",-30,1743628791.0
1jpyz81,You know your calls are cooked when the board comes out,ml3p4cj,crogonint,"WTF would Epstein know?? Trump met him twice, because he kept staying at his hotels. After that, Trump thought that he was too much of a sleaze, and refused to see him anymore.

If I recall, he banned him from staying at his hotels at some point.",-17,1743632267.0
1jpyz81,You know your calls are cooked when the board comes out,ml3vukj,Hot_Egg5840,"Right, my point was 1) the market closed higher, 2) the announcement happened. How then did he crash the market with the announcements? The market didn't crash.",-4,1743634489.0
1jpyz81,You know your calls are cooked when the board comes out,ml3qioo,DIOmega5,Scare tactics so you will kiss the ring.,330,1743632724.0
1jpyz81,You know your calls are cooked when the board comes out,ml6167m,ghj97,your comment isn't intended to be honest and objective,-1,1743667950.0
1jpyz81,You know your calls are cooked when the board comes out,ml56dod,superbigjoe007,"Americans have no interest in those quarantine vacation camps y'all set up...

If the world doesn't want free trade, then US reciprocal tariffs make good sense. Let's see how folks do without American consumerism stimulating foreign economies ![img](emote|t5_2th52|52627)![img](emote|t5_2th52|52627)![img](emote|t5_2th52|52627)",-4,1743651204.0
1jpyz81,You know your calls are cooked when the board comes out,ml3hza9,Dave4216,"Why do you think Florida just rolled back child labor laws, they‚Äôre renaming Jacksonville to ‚ÄúNew Phnom Penh‚Äù",206,1743630020.0
1jpyz81,You know your calls are cooked when the board comes out,ml3q81m,Ok-Nature-4563,What did the US do to Cambodia? If anything they were the only ones trying to prevent the Khmer Rouge from gaining power,-13,1743632629.0
1jpyz81,You know your calls are cooked when the board comes out,ml3p2co,PhilaBama,[Removed by Reddit],210,1743632249.0
1jpyz81,You know your calls are cooked when the board comes out,ml47ood,overtoke,you forgot 2 years of geek squad protection and the sales taxes,-1,1743638445.0
1jpyz81,You know your calls are cooked when the board comes out,ml3m2fr,wayzata20,Who?,-1,1743631286.0
1jpyz81,You know your calls are cooked when the board comes out,ml3aarp,9bikes,"\>New car is gonna cost like a house.

I've absolutely paid more for a car than my mom paid for the house I grew up in.",554,1743627718.0
1jpyz81,You know your calls are cooked when the board comes out,ml38f5i,kellyk311,Found Vince Gilligan,709,1743627178.0
1jpyz81,You know your calls are cooked when the board comes out,ml38hlx,Soytaco,"Thanks ese, it's really interesting to see that perspective",141,1743627197.0
1jpyz81,You know your calls are cooked when the board comes out,ml3dil0,Equivalent-Bit2891,Now do ones of it were black or chinese,-2,1743628671.0
1jpyz81,You know your calls are cooked when the board comes out,ml35z1x,lolimdivine,"https://preview.redd.it/n6yylblrghse1.jpeg?width=1024&format=pjpg&auto=webp&s=e85dc98dc55d662ed084edcfe01d888acfc0cfcb

cant waitü•∞",514,1743626500.0
1jpyz81,You know your calls are cooked when the board comes out,ml35nrf,Stuman93,And the children yearning for the mines!,354,1743626413.0
1jpyz81,You know your calls are cooked when the board comes out,ml389fg,Hexlor,People already complaining about the price of the Switch 2 before this lol,175,1743627133.0
1jpyz81,You know your calls are cooked when the board comes out,ml392pi,sp2802,"he mentioned something like ""american cars account for only 5% in japan"". Who's gonna tell him that nobody wants to buy an american made car anyways lol",236,1743627363.0
1jpyz81,You know your calls are cooked when the board comes out,ml39wdl,Tenderhombre,The flesh is cheaper than steel. Why would we send our precious robots into the mines.,109,1743627602.0
1jpyz81,You know your calls are cooked when the board comes out,ml3bkjd,Scaevus,"We must be living in Xi Jingping‚Äôs dream, because everything seems to work out for him this year, and he hasn‚Äôt even had to lift a finger.",258,1743628092.0
1jpyz81,You know your calls are cooked when the board comes out,ml3jthz,Entgenieur,Why do you asking us? He doesn‚Äôt know himself,780,1743630586.0
1jpyz81,You know your calls are cooked when the board comes out,ml3ifnz,FatalTortoise,Something something fetanyl?,123,1743630162.0
1jpyz81,You know your calls are cooked when the board comes out,ml3dyvg,watcherofworld,They'll be the first to be drafted in the greenland and canada war.,453,1743628805.0
1jpyz81,You know your calls are cooked when the board comes out,ml3nmw1,Mattpalmq,If tariffs were so bad why would countries retaliate by enacting their own tariffs? Guess all you keyboard economists are smarter than every single country lmao,-6,1743631789.0
1jpyz81,You know your calls are cooked when the board comes out,ml4w86o,MICT3361,I have a degree fuck tard,-3,1743647160.0
1jpyz81,You know your calls are cooked when the board comes out,ml3j970,,[removed],-3,1743630415.0
1jpyz81,You know your calls are cooked when the board comes out,ml3meoz,BullAlligator,Bachelors from Wharton aren't nearly as esteemed as masters or doctorates... Usually when people brag about or bow to Wharton grads it's because they have a graduate degree.,-4,1743631396.0
1jpyz81,You know your calls are cooked when the board comes out,ml38c1l,,[removed],112,1743627155.0
1jpyz81,You know your calls are cooked when the board comes out,ml38j5f,,[removed],209,1743627209.0
1jpyz81,You know your calls are cooked when the board comes out,ml3dfim,,[removed],-1,1743628645.0
1jpyz81,You know your calls are cooked when the board comes out,ml3mcfy,MrStealYoBeef,We're all going to be swimming in jobs!  At *minimum* we're going to have 3 jobs each!,103,1743631376.0
1jpyz81,You know your calls are cooked when the board comes out,ml4tjb1,DeplorableCaterpill,"In exactly the same way that corporate taxes get passed onto consumers. In both cases, the tax is on companies, and some of it gets passed on to consumers. There is no difference except that corporate taxes are on companies operating in the US, while tariffs are on companies operating abroad.",-12,1743646153.0
1jpyz81,You know your calls are cooked when the board comes out,ml4ypqn,sbd27,"Conservatives have always argued that Corp Taxes are also just passed along to the consumer. This is a Corp Tax, all of us will still the same amount of pay in our pay check. So it baffling for them to suddenly love this tax.

However, unlike a Corp Tax, this is insanely huge, AND it also will drive away customers as foreign markets will now avoid US products.",-1,1743648116.0
1jpyz81,You know your calls are cooked when the board comes out,ml36h8j,hoozy123,why are people downvoting that comment lol i have no idea whats going on why not try explain instead of press a down arrow,-10,1743626641.0
1jpyz81,You know your calls are cooked when the board comes out,ml38j6t,HoldTillEnd,"This is true, but the USA didn't use tariffs much before this pres.  Further the USA public isn't really aware other countries tariffs us on the regular.",-10,1743627209.0
1jpyz81,You know your calls are cooked when the board comes out,ml3j57u,bonechairappletea,"We sprinkled billions on Intel and their fabs are still not online. Now it's all talks of mergers and life support. Who's buying Intel stock right now?


We did the same to TSMC and they got a minor fab going, after bringing thousands of Taiwanese workers over. But still not their cutting edge wafers. CHIPS failed. US, the whole West is still reliant on a tiny triangle of fabs in Taiwan and South Korea that literally in China's backyard.¬†


If not tariffs, then what? Pouring billions on the problem didn't fix it.¬†",-6,1743630381.0
1jpyz81,You know your calls are cooked when the board comes out,ml3a5la,Dc81FR,Good been getting taking advantage of for years,-6,1743627676.0
1jpyz81,You know your calls are cooked when the board comes out,ml3lrqo,Dc81FR,Good,-1,1743631192.0
1jpyz81,You know your calls are cooked when the board comes out,ml35drq,BenBapiroDonkey,"I truly hope this is leverage for other nations to lower their tariffs, but it doesn‚Äôt sound like it‚Ä¶ wtf even is this crap",-3,1743626335.0
1jpyz81,You know your calls are cooked when the board comes out,ml50f0b,I_Buy_Stock,are tariffs good or bad? if bad then why do other countries put them on us?,-1,1743648783.0
1jpyz81,You know your calls are cooked when the board comes out,ml3gfmh,Competitive_Meat825,"LOL

No, it doesn‚Äôt, because that‚Äôs not what the term means",-11,1743629546.0
1jpyz81,You know your calls are cooked when the board comes out,ml4l5w0,stocksandbonds123,EU cant do shit. all the talent has left to america. lmao only the losers stay in eu,-8,1743643184.0
1jpyz81,You know your calls are cooked when the board comes out,ml3xctu,ssuurr33,"Oh they work. They just don‚Äôt work like Trump thinks they do.

And they tend to not work very in your favour when you decide to tariff EVERYONE.

Let‚Äôs imagine I have a candy shop. And in the street right next to my shop, there‚Äôs another candy shop.

I have a tariff imposed on me by the district on candy sold to students that I bought from a supplier, so everytime I sell that kind of candy to kids, they pay a little more.

Now take into consideration, I can make SOME candy, but I still buy way more candy from my supplier than what I make myself. And kids like my suppliers candy better than my own.

I get mad at this, what do I do? I impose a tariff on my candy supplier, and somehow, I try to reason with everyone that the supplier is the one paying this tariff extra.

In reality, I make kids pay the extra. I hope they buy the candy I make, but instead they decide to just go the candy shop across the street instead.

Now I‚Äôm forced to make pretty much all of the candy I sell only to keep my clientele, and I‚Äôm not ready for it. I may try to make the candy my supplier makes for me, but it will take time. I may never be capable of doing so. I may also be ready eventually, and at that time it can be too late and the candy shop across the street may have all the kids addicted to crack, and here I am, crackless, tired, with no clients, no money and with a shitty relation with my supplier.

Hopefully, in 4 years I will close my candy shop, someone else will come and buy the business, amend the relation with the supplier and try to fix all of this mess.

Edit: In a more serious note, tariffs could work to protect your businesses and to guarantee your populace buys locally and buys something with better quality.

But this only works when you tariff shit you can actually make profitably in house.

It tends to go to shit as soon as you start applying tariffs  left and right, to business partners, trade allies, to goods your businesses need to keep production, goods you simply are not ready to produce, and goods made by American companies on foreign soil. Specially when you‚Äôre run at a trade deficit.",-1,1743634993.0
1jpyz81,You know your calls are cooked when the board comes out,ml3c3a5,blueJoffles,Bold of you to assume that future US citizens will know how to read,2255,1743628248.0
1jpyz81,You know your calls are cooked when the board comes out,ml3jaf2,Pregnantseaturtle69,Covid was just about the only thing in this past decade that is worth putting in a history book,-4,1743630426.0
1jpyz81,You know your calls are cooked when the board comes out,ml3jvof,rdrckcrous,"I understand thinking the board is dumb, but you really don't understand what he was intending to do?  It's not real complicated.  Pundits are saying things like ""why are you being aggressive?"", ""why are you being mean to our friends"", ""there will be retaliatory tariffs"".

His chart is just displaying the reality that our 'friends' have been all those things to us without any fear of retaliatory tariffs from us for a long time.

Obviously, the countries not listed are either just to keep the list shorter or they don't have tariffs above 10% on us.",-4,1743630604.0
1jpyz81,You know your calls are cooked when the board comes out,ml3o6ki,CplGunishment,I actually heard his voice reading this,222,1743631965.0
1jpyz81,You know your calls are cooked when the board comes out,ml3jc4a,Wonko-D-Sane,"A proper CPU (with enough IO lanes and memory BW) is about 2k as well, add the mobo, and then the proper memory. couple of NVME .m2 sticks in RAID, and a monitor. Shit adds up... 

The monitor I picked up today alone is $1K... I don't know what sort of junk kids use these days, but computers were always expensive.",-7,1743630441.0
1jpyz81,You know your calls are cooked when the board comes out,ml3jmyn,Wonko-D-Sane,"So... I am not going down the path of argument that ends up with ""Casio digital watches from the 90s are perfectly good computers""",-2,1743630531.0
1jpyz81,You know your calls are cooked when the board comes out,ml38uag,In2JC724,Made me giggle. Rewatching Breaking Bad atm,152,1743627297.0
1jpyz81,You know your calls are cooked when the board comes out,ml36gn9,OkOriginal4453,"If we‚Äôre having 8 year olds back in the workforce, they better let us drink on the job too.",164,1743626636.0
1jpyz81,You know your calls are cooked when the board comes out,ml3brpa,Noodlebat83,Americans cars barely fit on the roads in most countries. no need for a ford pick up in tokyo.,135,1743628151.0
1jpyz81,You know your calls are cooked when the board comes out,ml3f21v,a_library_socialist,"""Never interrupt your enemy while he is making a mistake""",143,1743629133.0
1jpyz81,You know your calls are cooked when the board comes out,ml3eg42,anonymous9828,you mean special military operation,238,1743628951.0
1jpyz81,You know your calls are cooked when the board comes out,ml3xjkv,dundiewinnah,GL beating tech of us if your not china. GL choosing china over us if they arent democratic,-2,1743635055.0
1jpyz81,You know your calls are cooked when the board comes out,ml3ihkg,,[removed],-19,1743630177.0
1jpyz81,You know your calls are cooked when the board comes out,ml3frpq,,[removed],-28,1743629347.0
1jpyz81,You know your calls are cooked when the board comes out,ml3p2y1,,[removed],-2,1743632254.0
1jpyz81,You know your calls are cooked when the board comes out,ml3mfqe,Jarpunter,Need to account for inflation to be fair,-9,1743631406.0
1jpyz81,You know your calls are cooked when the board comes out,ml3sj3m,DontShoot_ImJesus,">but charges an across the board 10% Goods and Services (Sales) Tax across just about everything.

I've heard for the past few months from the left and big brain redditors that tariffs ARE a tax. So Australia charges the US a 10% tax, and the US right back at them, fair right?

Or nah, because it's Trump and it's because of that US and orangeman both bad?",-27,1743633388.0
1jpyz81,You know your calls are cooked when the board comes out,ml3ojk6,Resident_Feeling8915,45 degrees¬†,-8,1743632081.0
1jpyz81,You know your calls are cooked when the board comes out,ml4xa3b,I_Buy_Stock,or we could manufacture quality shoes that last years and years. it's like ikea furniture vs actual quality wood built furniture. one barely lasts your rental lease and the other can be passed down to your kids.,-1,1743647562.0
1jpyz81,You know your calls are cooked when the board comes out,ml3bv4a,Garythegr81,"Hate to tell you, but the tariffs are that simple. Look at the autos it‚Äôs half of what they charge us.   Economy is complex are not.",-31,1743628179.0
1jpyz81,You know your calls are cooked when the board comes out,ml3za0z,NoSober__SoberZone,"So by the logic, none of these countries should care about the Trump tariffs. If it only hurts American citizens!! That‚Äôs why Canada was freaking out when Trump first mentioned the tariffs",-1,1743635625.0
1jpyz81,You know your calls are cooked when the board comes out,ml39yh2,Independent-Bag-6222,"I actually zoomed in on the pertinent information to your demand...lol  
I use 8 monitors to watch/manage at minimum 16 charts, not to watch my P&L.  
My strategy just works off making $0.50/per share moves on a variety of equities priced between $15-40 in addition to the SOXS/SOXL so I can always make money regardless of market direction, even in both directions during the day.  
It works nicely.  I'm not looking to throw down some 'big wins' and think I'm a hero one week and a zero the next week.  I make weekly income and don't concern myself with trying to be an overnight millionaire.  Just looking at financial freedom, no bills/debt, making a comfortable living and racing full time.  Pretty simple really.",-7,1743627619.0
1jpyz81,You know your calls are cooked when the board comes out,ml41lzx,classy-ass,I think you underestimate how much he enjoys making leftists lose their minds.,-1,1743636402.0
1jpyz81,You know your calls are cooked when the board comes out,ml3cg4q,CatoChateau,I didn't say American textbooks!,2137,1743628353.0
1jpyz81,You know your calls are cooked when the board comes out,ml3ghz9,ScoreNo4085,Ah ok. Well I guess that makes it better somehow üòÖü§∑‚Äç‚ôÇÔ∏è,-18,1743629567.0
1jpyz81,You know your calls are cooked when the board comes out,ml4j05b,Ok-Nature-4563,"Yes they were bombing the Khmer Rouge and Viet Cong, when they stopped the bombing the Khmer came into power and did a genocide of 2-3 million Cambodians",-7,1743642418.0
1jpyz81,You know your calls are cooked when the board comes out,ml4j3zu,Ok-Nature-4563,On the Khmer Rouge,-5,1743642455.0
1jpyz81,You know your calls are cooked when the board comes out,ml55slz,Ok-Nature-4563,"There is absolutely no evidence for that. 

The VN only defeated the Khmer bc Pol Pot started attacking Viet villages to expand. Before that the Viet Cong was supporting the Khmers while they were fighting the Cambodian Republic",-3,1743650958.0
1jpyz81,You know your calls are cooked when the board comes out,ml4il8e,Ok-Nature-4563,The Viet Cong were allies with the Khmer until they took power lol,-3,1743642271.0
1jpyz81,You know your calls are cooked when the board comes out,ml37dwq,Mr_Times,Put coke back in the coke and bring back the lemon quaaludes. We‚Äôll right this ship in 15 minutes.,186,1743626892.0
1jpyz81,You know your calls are cooked when the board comes out,ml3fvm3,lurker-157835,"They're gonna call it something with ""liberation"" or ""freedom"", I guarantee it. ""The liberation effort"" or something like that.",142,1743629379.0
1jpyz81,You know your calls are cooked when the board comes out,ml3k6dv,,[removed],-1,1743630694.0
1jpyz81,You know your calls are cooked when the board comes out,ml3q1mt,,[removed],-1,1743632571.0
1jpyz81,You know your calls are cooked when the board comes out,ml4uwxe,DeplorableCaterpill,Just like prices went down so much when tariffs were cut in the 1970s. Lol. Lmao even.,-9,1743646667.0
1jpyz81,You know your calls are cooked when the board comes out,ml3l5i0,bonechairappletea,"They have been planning for years. By the time Intel gets to market, they are 2 nodes behind. You really need to spend some time and read about this and stop firing from the hip.¬†",-6,1743630997.0
1jpyz81,You know your calls are cooked when the board comes out,ml4y3au,stocksandbonds123,"most ppl in any country are regarded. its only the top 1% of the talent that leads their countries. as you can see, US tech dominates. keep coping europoor lmao. every metric shows EU is poor af",-2,1743647875.0
1jpyz81,You know your calls are cooked when the board comes out,ml3gkqz,Short_Bus_,future chinese history textbooks are going to have multiple chapters dedicated to thanking that ugly kid for missing by a centimeter,929,1743629591.0
1jpyz81,You know your calls are cooked when the board comes out,ml3o5wd,rdrckcrous,"Sure.  But the chart kills the main points that have been made by the opposition about these being aggressive and mean.  The trade wars were started decades ago by them.  Do you really think it's a good idea to allow 90%tariffs to go unnoticed?

The left has been going on for weeks about how retaliatory tariffs are signs of a strong, good leader standing uo to bullies.

He's pointing out the obvious fact that we all should have realized long ago, it's our tariffs that are retaliatory.",-2,1743631959.0
1jpyz81,You know your calls are cooked when the board comes out,ml40gy0,Spare_Efficiency2975,No only the rest of the world.,-2,1743636022.0
1jpyz81,You know your calls are cooked when the board comes out,ml3lych,,[removed],-25,1743631250.0
1jpyz81,You know your calls are cooked when the board comes out,ml3dybx,,[removed],-13,1743628801.0
1jpyz81,You know your calls are cooked when the board comes out,ml49p7d,DontShoot_ImJesus,I think they're about as useless as your comment.,-8,1743639146.0
1jpyz81,You know your calls are cooked when the board comes out,ml42155,Look_its_Rob,"You realize the US puts sales tax on imported goods too? Also, these taxes are on Australian products as well, so they aren't putting American goods at a disadvantage.¬†


You want them to exempt US products from these taxes to put their own products at a disadvantage? Is the US willing to remove all sales taxes on imports as well?",-1,1743636541.0
1jpyz81,You know your calls are cooked when the board comes out,ml50a4w,I_Buy_Stock,"They do already, but when 70 iq consumers see $5 cheaper shoes that's all they see. Then they complain about their wages at Dollar General online afterwards while selling plastic shit from china.",-4,1743648729.0
1jpyz81,You know your calls are cooked when the board comes out,ml3qpw5,Garythegr81,"Thank you, you just made me $100.  Had a bet on how long it will take a troll to comment on the wording.   Thanks üôè",-7,1743632789.0
1jpyz81,You know your calls are cooked when the board comes out,ml5wvem,Hillary4SupremeRuler,">the US who had been in their country for 20 years already,

Tbf the Vietnamese asked us to be in their country to stave off a kommunist invasion from Soviet/Chinese backed insurgents. It wasn't like we invaded the country like in Iraq to foment regime change, rather we were helping a sovereign nation stage off regime change pushed by Imperialist kommunist forces.",-1,1743665188.0
1jpyz81,You know your calls are cooked when the board comes out,ml3qief,,[removed],-1,1743632721.0
1jpyz81,You know your calls are cooked when the board comes out,ml4zhf9,stocksandbonds123,yes. thats why i emphasized ‚Äúpoor‚Äù. never said US is the best country to live for most ppl. its just the best country for talented and ambitious,-2,1743648415.0
1jpyz81,You know your calls are cooked when the board comes out,ml4bma2,DontShoot_ImJesus,That comment was even more useless than your first. Good job.,-10,1743639823.0
1jpyz81,You know your calls are cooked when the board comes out,ml3rzoa,Garythegr81,"All joking aside, thank you I really appreciate it.  I‚Äôll upvote you.",-3,1743633206.0
1jpyz81,You know your calls are cooked when the board comes out,ml49i27,deep_fuckin_ripoff,"I‚Äôm sorry, assassinating a fairly elected American president is wrong. This thread isn‚Äôt funny, no matter how much this guy fucks the market.",-28,1743639076.0
1jpyz81,You know your calls are cooked when the board comes out,ml4g983,deep_fuckin_ripoff,"They played by the rules. If we want to beat them, so should we. Remember half the country thinks this is a good thing, and they aren‚Äôt just on the other side of the Mason Dixon line. They are your friends and neighbors.",-9,1743641447.0
